"FileName","RootA","RelativePathA","Status","RootB","RelativePathB"
"LICENSE","C:\Projects\Hydraxia2",".","FILE DIFFERENT","C:\Projects\ORIGEN2","."
"pack.yml","C:\Projects\Hydraxia2",".","FILE DIFFERENT","C:\Projects\ORIGEN2","."
"README.md","C:\Projects\Hydraxia2",".","MULTIPLE","C:\Projects\ORIGEN2",""
"BASE_HYDRAXIA.yml","C:\Projects\Hydraxia2","biomes","FILE DIFFERENT","C:\Projects\ORIGEN2","biomes\abstract"
"arctic_mesa.yml","C:\Projects\Hydraxia2","biomes\biomes","FILE DIFFERENT","C:\Projects\ORIGEN2","biomes\biomes"
"bitter_heights.yml","C:\Projects\Hydraxia2","biomes\biomes","FILE DIFFERENT","C:\Projects\ORIGEN2","biomes\biomes"
"dripstone_barrens.yml","C:\Projects\Hydraxia2","biomes\biomes","MULTIPLE","C:\Projects\ORIGEN2",""
"dripstone_barrens.yml","C:\Projects\Hydraxia2","palettes\soil","MULTIPLE","C:\Projects\ORIGEN2",""
"fir_highlands.yml","C:\Projects\Hydraxia2","biomes\biomes","FILE DIFFERENT","C:\Projects\ORIGEN2","biomes\biomes"
"frigid_wastelands.yml","C:\Projects\Hydraxia2","biomes\biomes","FILE DIFFERENT","C:\Projects\ORIGEN2","biomes\biomes"
"frostbound_chasms.yml","C:\Projects\Hydraxia2","biomes\biomes","FILE DIFFERENT","C:\Projects\ORIGEN2","biomes\biomes"
"frostcoated_bog.yml","C:\Projects\Hydraxia2","biomes\biomes","FILE DIFFERENT","C:\Projects\ORIGEN2","biomes\biomes"
"frozen_spires.yml","C:\Projects\Hydraxia2","biomes\biomes","FILE DIFFERENT","C:\Projects\ORIGEN2","biomes\biomes"
"glacial_overhangs.yml","C:\Projects\Hydraxia2","biomes\biomes","FILE DIFFERENT","C:\Projects\ORIGEN2","biomes\biomes"
"icebound_jungle.yml","C:\Projects\Hydraxia2","biomes\biomes","FILE DIFFERENT","C:\Projects\ORIGEN2","biomes\biomes"
"lavender_crags.yml","C:\Projects\Hydraxia2","biomes\biomes","FILE DIFFERENT","C:\Projects\ORIGEN2","biomes\biomes"
"lavender_fields.yml","C:\Projects\Hydraxia2","biomes\biomes","FILE DIFFERENT","C:\Projects\ORIGEN2","biomes\biomes"
"muskeg.yml","C:\Projects\Hydraxia2","biomes\biomes","FILE DIFFERENT","C:\Projects\ORIGEN2","biomes\biomes"
"permafrost_cliffs.yml","C:\Projects\Hydraxia2","biomes\biomes","FILE DIFFERENT","C:\Projects\ORIGEN2","biomes\biomes"
"sculk_swamp.yml","C:\Projects\Hydraxia2","biomes\biomes","MULTIPLE","C:\Projects\ORIGEN2",""
"sculk_swamp.yml","C:\Projects\Hydraxia2","palettes\soil","MULTIPLE","C:\Projects\ORIGEN2",""
"searing_tors.yml","C:\Projects\Hydraxia2","biomes\biomes","FILE DIFFERENT","C:\Projects\ORIGEN2","biomes\biomes"
"snowswept_meadows.yml","C:\Projects\Hydraxia2","biomes\biomes","FILE DIFFERENT","C:\Projects\ORIGEN2","biomes\biomes"
"tundra.yml","C:\Projects\Hydraxia2","biomes\biomes","MULTIPLE","C:\Projects\ORIGEN2",""
"andesite_caverns.yml","C:\Projects\Hydraxia2","biomes\biomes\caverns","MULTIPLE","C:\Projects\ORIGEN2",""
"andesite_caverns.yml","C:\Projects\Hydraxia2","palettes\caverns\andesite","MULTIPLE","C:\Projects\ORIGEN2",""
"arid_caverns.yml","C:\Projects\Hydraxia2","biomes\biomes\caverns","MULTIPLE","C:\Projects\ORIGEN2",""
"arid_caverns.yml","C:\Projects\Hydraxia2","palettes\caverns\arid","MULTIPLE","C:\Projects\ORIGEN2",""
"barren_caverns.yml","C:\Projects\Hydraxia2","biomes\biomes\caverns","MULTIPLE","C:\Projects\ORIGEN2",""
"barren_caverns.yml","C:\Projects\Hydraxia2","palettes\caverns\barren","MULTIPLE","C:\Projects\ORIGEN2",""
"basalt_caverns.yml","C:\Projects\Hydraxia2","biomes\biomes\caverns","MULTIPLE","C:\Projects\ORIGEN2",""
"basalt_caverns.yml","C:\Projects\Hydraxia2","palettes\caverns\basalt","MULTIPLE","C:\Projects\ORIGEN2",""
"blackstone_caverns.yml","C:\Projects\Hydraxia2","biomes\biomes\caverns","MULTIPLE","C:\Projects\ORIGEN2",""
"blackstone_caverns.yml","C:\Projects\Hydraxia2","palettes\caverns\blackstone","MULTIPLE","C:\Projects\ORIGEN2",""
"calcite_caverns.yml","C:\Projects\Hydraxia2","biomes\biomes\caverns","MULTIPLE","C:\Projects\ORIGEN2",""
"calcite_caverns.yml","C:\Projects\Hydraxia2","palettes\caverns\calcite","MULTIPLE","C:\Projects\ORIGEN2",""
"crumbling_caverns.yml","C:\Projects\Hydraxia2","biomes\biomes\caverns","MULTIPLE","C:\Projects\ORIGEN2",""
"crumbling_caverns.yml","C:\Projects\Hydraxia2","palettes\caverns\crumbling","MULTIPLE","C:\Projects\ORIGEN2",""
"crystalline_caverns.yml","C:\Projects\Hydraxia2","biomes\biomes\caverns","MULTIPLE","C:\Projects\ORIGEN2",""
"crystalline_caverns.yml","C:\Projects\Hydraxia2","palettes\caverns\crystalline","MULTIPLE","C:\Projects\ORIGEN2",""
"diorite_caverns.yml","C:\Projects\Hydraxia2","biomes\biomes\caverns","MULTIPLE","C:\Projects\ORIGEN2",""
"diorite_caverns.yml","C:\Projects\Hydraxia2","palettes\caverns\diorite","MULTIPLE","C:\Projects\ORIGEN2",""
"dripstone_caverns.yml","C:\Projects\Hydraxia2","biomes\biomes\caverns","MULTIPLE","C:\Projects\ORIGEN2",""
"dripstone_caverns.yml","C:\Projects\Hydraxia2","palettes\caverns\dripstone","MULTIPLE","C:\Projects\ORIGEN2",""
"frosted_caverns.yml","C:\Projects\Hydraxia2","biomes\biomes\caverns","MULTIPLE","C:\Projects\ORIGEN2",""
"frosted_caverns.yml","C:\Projects\Hydraxia2","palettes\caverns\frosted","MULTIPLE","C:\Projects\ORIGEN2",""
"fungal_caverns.yml","C:\Projects\Hydraxia2","biomes\biomes\caverns","MULTIPLE","C:\Projects\ORIGEN2",""
"fungal_caverns.yml","C:\Projects\Hydraxia2","palettes\caverns\fungal","MULTIPLE","C:\Projects\ORIGEN2",""
"granite_caverns.yml","C:\Projects\Hydraxia2","biomes\biomes\caverns","MULTIPLE","C:\Projects\ORIGEN2",""
"granite_caverns.yml","C:\Projects\Hydraxia2","palettes\caverns\granite","MULTIPLE","C:\Projects\ORIGEN2",""
"lavender_caverns.yml","C:\Projects\Hydraxia2","biomes\biomes\caverns","FILE MISSING","C:\Projects\ORIGEN2",""
"lush_caverns.yml","C:\Projects\Hydraxia2","biomes\biomes\caverns","MULTIPLE","C:\Projects\ORIGEN2",""
"lush_caverns.yml","C:\Projects\Hydraxia2","palettes\caverns\lush","MULTIPLE","C:\Projects\ORIGEN2",""
"magma_caverns.yml","C:\Projects\Hydraxia2","biomes\biomes\caverns","MULTIPLE","C:\Projects\ORIGEN2",""
"magma_caverns.yml","C:\Projects\Hydraxia2","palettes\caverns\magma","MULTIPLE","C:\Projects\ORIGEN2",""
"sculk_caverns.yml","C:\Projects\Hydraxia2","biomes\biomes\caverns","MULTIPLE","C:\Projects\ORIGEN2",""
"sculk_caverns.yml","C:\Projects\Hydraxia2","palettes\caverns\sculk","MULTIPLE","C:\Projects\ORIGEN2",""
"stone_caverns.yml","C:\Projects\Hydraxia2","biomes\biomes\caverns","FILE MISSING","C:\Projects\ORIGEN2",""
"acacia_caverns.yml","C:\Projects\Hydraxia2","biomes\biomes\caverns\underground_woodlands","FILE MISSING","C:\Projects\ORIGEN2",""
"autumnal_caverns.yml","C:\Projects\Hydraxia2","biomes\biomes\caverns\underground_woodlands","FILE MISSING","C:\Projects\ORIGEN2",""
"birch_caverns.yml","C:\Projects\Hydraxia2","biomes\biomes\caverns\underground_woodlands","FILE MISSING","C:\Projects\ORIGEN2",""
"dark_oak_caverns.yml","C:\Projects\Hydraxia2","biomes\biomes\caverns\underground_woodlands","FILE MISSING","C:\Projects\ORIGEN2",""
"enchanted_caverns.yml","C:\Projects\Hydraxia2","biomes\biomes\caverns\underground_woodlands","FILE MISSING","C:\Projects\ORIGEN2",""
"jungle_caverns.yml","C:\Projects\Hydraxia2","biomes\biomes\caverns\underground_woodlands","FILE MISSING","C:\Projects\ORIGEN2",""
"mangrove_caverns.yml","C:\Projects\Hydraxia2","biomes\biomes\caverns\underground_woodlands","FILE MISSING","C:\Projects\ORIGEN2",""
"maple_caverns.yml","C:\Projects\Hydraxia2","biomes\biomes\caverns\underground_woodlands","FILE MISSING","C:\Projects\ORIGEN2",""
"oak_caverns.yml","C:\Projects\Hydraxia2","biomes\biomes\caverns\underground_woodlands","FILE MISSING","C:\Projects\ORIGEN2",""
"sakura_caverns.yml","C:\Projects\Hydraxia2","biomes\biomes\caverns\underground_woodlands","FILE MISSING","C:\Projects\ORIGEN2",""
"spruce_caverns.yml","C:\Projects\Hydraxia2","biomes\biomes\caverns\underground_woodlands","FILE MISSING","C:\Projects\ORIGEN2",""
"chilly_creeks.yml","C:\Projects\Hydraxia2","biomes\biomes\water","FILE MISSING","C:\Projects\ORIGEN2",""
"drafty_streams.yml","C:\Projects\Hydraxia2","biomes\biomes\water","FILE MISSING","C:\Projects\ORIGEN2",""
"frostbite_rivers.yml","C:\Projects\Hydraxia2","biomes\biomes\water","FILE MISSING","C:\Projects\ORIGEN2",""
"snowdrift_coasts.yml","C:\Projects\Hydraxia2","biomes\biomes\water","FILE MISSING","C:\Projects\ORIGEN2",""
"wintry_seas.yml","C:\Projects\Hydraxia2","biomes\biomes\water","FILE MISSING","C:\Projects\ORIGEN2",""
"wintry_waters.yml","C:\Projects\Hydraxia2","biomes\biomes\water","FILE MISSING","C:\Projects\ORIGEN2",""
"autumnal_woodlands.yml","C:\Projects\Hydraxia2","biomes\biomes\woodlands","FILE MISSING","C:\Projects\ORIGEN2",""
"birch_woodlands.yml","C:\Projects\Hydraxia2","biomes\biomes\woodlands","FILE MISSING","C:\Projects\ORIGEN2",""
"dark_oak_woodlands.yml","C:\Projects\Hydraxia2","biomes\biomes\woodlands","FILE MISSING","C:\Projects\ORIGEN2",""
"enchanted_woodlands.yml","C:\Projects\Hydraxia2","biomes\biomes\woodlands","FILE MISSING","C:\Projects\ORIGEN2",""
"maple_woodlands.yml","C:\Projects\Hydraxia2","biomes\biomes\woodlands","FILE MISSING","C:\Projects\ORIGEN2",""
"oak_woodlands.yml","C:\Projects\Hydraxia2","biomes\biomes\woodlands","FILE MISSING","C:\Projects\ORIGEN2",""
"redwood_woodlands.yml","C:\Projects\Hydraxia2","biomes\biomes\woodlands","FILE MISSING","C:\Projects\ORIGEN2",""
"sakura_woodlands.yml","C:\Projects\Hydraxia2","biomes\biomes\woodlands","FILE MISSING","C:\Projects\ORIGEN2",""
"spruce_woodlands.yml","C:\Projects\Hydraxia2","biomes\biomes\woodlands","FILE MISSING","C:\Projects\ORIGEN2",""
"sugar_pine_woodlands.yml","C:\Projects\Hydraxia2","biomes\biomes\woodlands","FILE MISSING","C:\Projects\ORIGEN2",""
"eq_alpha_mountains.yml","C:\Projects\Hydraxia2","biomes\equations","EXACT MATCH","C:\Projects\ORIGEN2","biomes\equations"
"eq_bog.yml","C:\Projects\Hydraxia2","biomes\equations","EXACT MATCH","C:\Projects\ORIGEN2","biomes\equations"
"eq_hills.yml","C:\Projects\Hydraxia2","biomes\equations","FILE DIFFERENT","C:\Projects\ORIGEN2","biomes\abstract\terrain\land\legacy"
"eq_mountains.yml","C:\Projects\Hydraxia2","biomes\equations","FILE DIFFERENT","C:\Projects\ORIGEN2","biomes\abstract\terrain\land\legacy"
"eq_ocean_deep.yml","C:\Projects\Hydraxia2","biomes\equations","EXACT MATCH","C:\Projects\ORIGEN2","biomes\equations"
"eq_ocean_shallow.yml","C:\Projects\Hydraxia2","biomes\equations","EXACT MATCH","C:\Projects\ORIGEN2","biomes\equations"
"eq_plains.yml","C:\Projects\Hydraxia2","biomes\equations","EXACT MATCH","C:\Projects\ORIGEN2","biomes\equations"
"eq_river.yml","C:\Projects\Hydraxia2","biomes\equations","MULTIPLE","C:\Projects\ORIGEN2",""
"eq_river.yml","C:\Projects\Hydraxia2","biomes\equations\biome_specific\rivers","MULTIPLE","C:\Projects\ORIGEN2",""
"eq_small_mountains.yml","C:\Projects\Hydraxia2","biomes\equations","EXACT MATCH","C:\Projects\ORIGEN2","biomes\equations"
"eq_swamp.yml","C:\Projects\Hydraxia2","biomes\equations","FILE DIFFERENT","C:\Projects\ORIGEN2","biomes\abstract\terrain\land\legacy"
"eq_terraced_mountains.yml","C:\Projects\Hydraxia2","biomes\equations","EXACT MATCH","C:\Projects\ORIGEN2","biomes\equations"
"eq_boreal_peaks.yml","C:\Projects\Hydraxia2","biomes\equations\biome_specific","EXACT MATCH","C:\Projects\ORIGEN2","biomes\equations\biome_specific"
"eq_chasms.yml","C:\Projects\Hydraxia2","biomes\equations\biome_specific","EXACT MATCH","C:\Projects\ORIGEN2","biomes\equations\biome_specific"
"eq_glacial_overhangs.yml","C:\Projects\Hydraxia2","biomes\equations\biome_specific","EXACT MATCH","C:\Projects\ORIGEN2","biomes\equations\biome_specific"
"eq_snowdrift_coasts.yml","C:\Projects\Hydraxia2","biomes\equations\biome_specific","EXACT MATCH","C:\Projects\ORIGEN2","biomes\equations\biome_specific"
"eq_terraced_mountain_river.yml","C:\Projects\Hydraxia2","biomes\equations\biome_specific\rivers","EXACT MATCH","C:\Projects\ORIGEN2","biomes\equations\biome_specific\rivers"
"eq_carving_land.yml","C:\Projects\Hydraxia2","biomes\equations\caverns","EXACT MATCH","C:\Projects\ORIGEN2","biomes\equations\caverns"
"eq_carving_ocean.yml","C:\Projects\Hydraxia2","biomes\equations\caverns","EXACT MATCH","C:\Projects\ORIGEN2","biomes\equations\caverns"
"eq_cave_biome.yml","C:\Projects\Hydraxia2","biomes\equations\caverns","EXACT MATCH","C:\Projects\ORIGEN2","biomes\equations\caverns"
"deposits_generic.yml","C:\Projects\Hydraxia2","biomes\ores","FILE MOVED","C:\Projects\ORIGEN2","biomes\abstract\features\hydraxia_ores"
"ores_generic.yml","C:\Projects\Hydraxia2","biomes\ores","FILE MOVED","C:\Projects\ORIGEN2","biomes\abstract\features\hydraxia_ores"
"deposits_river.yml","C:\Projects\Hydraxia2","biomes\ores\special","FILE MOVED","C:\Projects\ORIGEN2","biomes\abstract\features\hydraxia_ores\special"
"ores_coal.yml","C:\Projects\Hydraxia2","biomes\ores\special","FILE DIFFERENT","C:\Projects\ORIGEN2","biomes\abstract\features\ores"
"ores_diamond.yml","C:\Projects\Hydraxia2","biomes\ores\special","FILE MISSING","C:\Projects\ORIGEN2",""
"ores_emerald.yml","C:\Projects\Hydraxia2","biomes\ores\special","FILE DIFFERENT","C:\Projects\ORIGEN2","biomes\abstract\features\ores"
"ores_geode.yml","C:\Projects\Hydraxia2","biomes\ores\special","FILE MISSING","C:\Projects\ORIGEN2",""
"ores_gold.yml","C:\Projects\Hydraxia2","biomes\ores\special","FILE DIFFERENT","C:\Projects\ORIGEN2","biomes\abstract\features\ores"
"ores_mountains.yml","C:\Projects\Hydraxia2","biomes\ores\special","FILE MISSING","C:\Projects\ORIGEN2",""
"ores_redstone.yml","C:\Projects\Hydraxia2","biomes\ores\special","FILE MISSING","C:\Projects\ORIGEN2",""
"biome_distribution.yml","C:\Projects\Hydraxia2","biome_distribution","FILE MISSING","C:\Projects\ORIGEN2",""
"source.yml","C:\Projects\Hydraxia2","biome_distribution\source","FILE MISSING","C:\Projects\ORIGEN2",""
"extrude_caverns.yml","C:\Projects\Hydraxia2","biome_distribution\stages\caverns","FILE MISSING","C:\Projects\ORIGEN2",""
"distribute_biome_types.yml","C:\Projects\Hydraxia2","biome_distribution\stages\distribution","FILE MISSING","C:\Projects\ORIGEN2",""
"add_rivers.yml","C:\Projects\Hydraxia2","biome_distribution\stages\rivers","FILE DIFFERENT","C:\Projects\ORIGEN2","biome-distribution\stages"
"river_sampler.yml","C:\Projects\Hydraxia2","biome_distribution\stages\rivers","FILE MISSING","C:\Projects\ORIGEN2",""
"expand.yml","C:\Projects\Hydraxia2","biome_distribution\stages\smoothing","FILE MISSING","C:\Projects\ORIGEN2",""
"smooth.yml","C:\Projects\Hydraxia2","biome_distribution\stages\smoothing","FILE MISSING","C:\Projects\ORIGEN2",""
"distribute_precipitation_zones.yml","C:\Projects\Hydraxia2","biome_distribution\stages\zones","FILE MISSING","C:\Projects\ORIGEN2",""
"allays.yml","C:\Projects\Hydraxia2","features\entities","EXACT MATCH","C:\Projects\ORIGEN2","features\entities"
"bats.yml","C:\Projects\Hydraxia2","features\entities","EXACT MATCH","C:\Projects\ORIGEN2","features\entities"
"blazes.yml","C:\Projects\Hydraxia2","features\entities","EXACT MATCH","C:\Projects\ORIGEN2","features\entities"
"common_mobs.yml","C:\Projects\Hydraxia2","features\entities","FILE DIFFERENT","C:\Projects\ORIGEN2","features\entities"
"dolphins.yml","C:\Projects\Hydraxia2","features\entities","EXACT MATCH","C:\Projects\ORIGEN2","features\entities"
"frogs.yml","C:\Projects\Hydraxia2","features\entities","FILE DIFFERENT","C:\Projects\ORIGEN2","features\entities"
"goats.yml","C:\Projects\Hydraxia2","features\entities","FILE DIFFERENT","C:\Projects\ORIGEN2","features\entities"
"horses.yml","C:\Projects\Hydraxia2","features\entities","FILE DIFFERENT","C:\Projects\ORIGEN2","features\entities"
"ocelots.yml","C:\Projects\Hydraxia2","features\entities","FILE DIFFERENT","C:\Projects\ORIGEN2","features\entities"
"pandas.yml","C:\Projects\Hydraxia2","features\entities","FILE DIFFERENT","C:\Projects\ORIGEN2","features\entities"
"parrots.yml","C:\Projects\Hydraxia2","features\entities","FILE DIFFERENT","C:\Projects\ORIGEN2","features\entities"
"polar_bears.yml","C:\Projects\Hydraxia2","features\entities","FILE DIFFERENT","C:\Projects\ORIGEN2","features\entities"
"slimes.yml","C:\Projects\Hydraxia2","features\entities","FILE DIFFERENT","C:\Projects\ORIGEN2","features\entities"
"turtles.yml","C:\Projects\Hydraxia2","features\entities","FILE DIFFERENT","C:\Projects\ORIGEN2","features\entities"
"crossing_vines.yml","C:\Projects\Hydraxia2","features\flora","FILE DIFFERENT","C:\Projects\ORIGEN2","features\vegetation\vines"
"crossing_vines_underground.yml","C:\Projects\Hydraxia2","features\flora","EXACT MATCH","C:\Projects\ORIGEN2","features\flora"
"dead_bushes.yml","C:\Projects\Hydraxia2","features\flora","FILE DIFFERENT","C:\Projects\ORIGEN2","features\vegetation"
"ferns.yml","C:\Projects\Hydraxia2","features\flora","FILE DIFFERENT","C:\Projects\ORIGEN2","features\vegetation\ferns"
"grass.yml","C:\Projects\Hydraxia2","features\flora","MULTIPLE","C:\Projects\ORIGEN2",""
"grass.yml","C:\Projects\Hydraxia2","palettes\soil","MULTIPLE","C:\Projects\ORIGEN2",""
"large_leaf_vines.yml","C:\Projects\Hydraxia2","features\flora","FILE DIFFERENT","C:\Projects\ORIGEN2","features\vegetation\vines"
"large_leaf_vines_underground.yml","C:\Projects\Hydraxia2","features\flora","FILE DIFFERENT","C:\Projects\ORIGEN2","features\vegetation\vines"
"mushrooms.yml","C:\Projects\Hydraxia2","features\flora","FILE DIFFERENT","C:\Projects\ORIGEN2","features\flora"
"oak_shrubs.yml","C:\Projects\Hydraxia2","features\flora","FILE DIFFERENT","C:\Projects\ORIGEN2","features\flora"
"sparse_grass.yml","C:\Projects\Hydraxia2","features\flora","FILE DIFFERENT","C:\Projects\ORIGEN2","features\flora"
"sugar_cane.yml","C:\Projects\Hydraxia2","features\flora","FILE DIFFERENT","C:\Projects\ORIGEN2","features\vegetation"
"tall_grass.yml","C:\Projects\Hydraxia2","features\flora","FILE DIFFERENT","C:\Projects\ORIGEN2","features\vegetation\grass"
"kelp.yml","C:\Projects\Hydraxia2","features\flora\aquatic","FILE DIFFERENT","C:\Projects\ORIGEN2","features\vegetation\underwater"
"lily_pads.yml","C:\Projects\Hydraxia2","features\flora\aquatic","FILE DIFFERENT","C:\Projects\ORIGEN2","features\vegetation"
"seagrass.yml","C:\Projects\Hydraxia2","features\flora\aquatic","FILE DIFFERENT","C:\Projects\ORIGEN2","features\vegetation\underwater"
"sea_pickles.yml","C:\Projects\Hydraxia2","features\flora\aquatic","MULTIPLE","C:\Projects\ORIGEN2",""
"acacia_bushes.yml","C:\Projects\Hydraxia2","features\flora\bushes","FILE DIFFERENT","C:\Projects\ORIGEN2","features\flora\bushes"
"autumnal_bushes.yml","C:\Projects\Hydraxia2","features\flora\bushes","FILE DIFFERENT","C:\Projects\ORIGEN2","features\flora\bushes"
"azalea_bushes.yml","C:\Projects\Hydraxia2","features\flora\bushes","FILE DIFFERENT","C:\Projects\ORIGEN2","features\flora\bushes"
"birch_bushes.yml","C:\Projects\Hydraxia2","features\flora\bushes","FILE DIFFERENT","C:\Projects\ORIGEN2","features\flora\bushes"
"dark_oak_bushes.yml","C:\Projects\Hydraxia2","features\flora\bushes","FILE DIFFERENT","C:\Projects\ORIGEN2","features\flora\bushes"
"oak_bushes.yml","C:\Projects\Hydraxia2","features\flora\bushes","FILE DIFFERENT","C:\Projects\ORIGEN2","features\vegetation\bushes"
"spruce_bushes.yml","C:\Projects\Hydraxia2","features\flora\bushes","FILE DIFFERENT","C:\Projects\ORIGEN2","features\vegetation\bushes"
"cave_glow_lichen.yml","C:\Projects\Hydraxia2","features\flora\caverns","FILE DIFFERENT","C:\Projects\ORIGEN2","features\vegetation"
"arid_leaf_bushes.yml","C:\Projects\Hydraxia2","features\flora\caverns\arid","EXACT MATCH","C:\Projects\ORIGEN2","features\flora\caverns\arid"
"cacti_arid.yml","C:\Projects\Hydraxia2","features\flora\caverns\arid","EXACT MATCH","C:\Projects\ORIGEN2","features\flora\caverns\arid"
"dead_bushes_arid.yml","C:\Projects\Hydraxia2","features\flora\caverns\arid","EXACT MATCH","C:\Projects\ORIGEN2","features\flora\caverns\arid"
"barren_leaf_bushes.yml","C:\Projects\Hydraxia2","features\flora\caverns\barren","EXACT MATCH","C:\Projects\ORIGEN2","features\flora\caverns\barren"
"cacti_barren.yml","C:\Projects\Hydraxia2","features\flora\caverns\barren","EXACT MATCH","C:\Projects\ORIGEN2","features\flora\caverns\barren"
"dead_bushes_barren.yml","C:\Projects\Hydraxia2","features\flora\caverns\barren","EXACT MATCH","C:\Projects\ORIGEN2","features\flora\caverns\barren"
"amethyst_clusters_calcite.yml","C:\Projects\Hydraxia2","features\flora\caverns\calcite","EXACT MATCH","C:\Projects\ORIGEN2","features\flora\caverns\calcite"
"dead_bushes_crumbling.yml","C:\Projects\Hydraxia2","features\flora\caverns\crumbling","EXACT MATCH","C:\Projects\ORIGEN2","features\flora\caverns\crumbling"
"amethyst_clusters.yml","C:\Projects\Hydraxia2","features\flora\caverns\crystalline","EXACT MATCH","C:\Projects\ORIGEN2","features\flora\caverns\crystalline"
"cavern_mushrooms.yml","C:\Projects\Hydraxia2","features\flora\caverns\fungal","FILE DIFFERENT","C:\Projects\ORIGEN2","features\flora\caverns\fungal"
"shroomlight_ceiling_patches.yml","C:\Projects\Hydraxia2","features\flora\caverns\fungal","EXACT MATCH","C:\Projects\ORIGEN2","features\flora\caverns\fungal"
"azalea_block.yml","C:\Projects\Hydraxia2","features\flora\caverns\lush","FILE DIFFERENT","C:\Projects\ORIGEN2","features\vegetation\bushes"
"big_dripleaf_caves.yml","C:\Projects\Hydraxia2","features\flora\caverns\lush","FILE DIFFERENT","C:\Projects\ORIGEN2","features\vegetation\dripleaf"
"cave_glow_berries.yml","C:\Projects\Hydraxia2","features\flora\caverns\lush","FILE DIFFERENT","C:\Projects\ORIGEN2","features\vegetation\vines"
"cave_spore_blossoms.yml","C:\Projects\Hydraxia2","features\flora\caverns\lush","FILE DIFFERENT","C:\Projects\ORIGEN2","features\vegetation"
"flowering_azalea_block.yml","C:\Projects\Hydraxia2","features\flora\caverns\lush","FILE DIFFERENT","C:\Projects\ORIGEN2","features\vegetation\bushes"
"grass_caves.yml","C:\Projects\Hydraxia2","features\flora\caverns\lush","FILE DIFFERENT","C:\Projects\ORIGEN2","features\vegetation\grass"
"small_dripleaf_caves.yml","C:\Projects\Hydraxia2","features\flora\caverns\lush","FILE DIFFERENT","C:\Projects\ORIGEN2","features\vegetation\dripleaf"
"berry_bush_patches.yml","C:\Projects\Hydraxia2","features\flora\crops","FILE DIFFERENT","C:\Projects\ORIGEN2","features\flora\crops"
"melon_patches.yml","C:\Projects\Hydraxia2","features\flora\crops","FILE DIFFERENT","C:\Projects\ORIGEN2","features\vegetation\bushes"
"pumpkin_patches.yml","C:\Projects\Hydraxia2","features\flora\crops","FILE DIFFERENT","C:\Projects\ORIGEN2","features\vegetation\crops"
"blue_orchid_patch.yml","C:\Projects\Hydraxia2","features\flora\flowers","FILE DIFFERENT","C:\Projects\ORIGEN2","features\vegetation\flowers"
"dandelion_patch.yml","C:\Projects\Hydraxia2","features\flora\flowers","FILE DIFFERENT","C:\Projects\ORIGEN2","features\vegetation\flowers"
"lavender_flowers.yml","C:\Projects\Hydraxia2","features\flora\flowers","FILE DIFFERENT","C:\Projects\ORIGEN2","features\flora\flowers"
"poppy_patch.yml","C:\Projects\Hydraxia2","features\flora\flowers","FILE DIFFERENT","C:\Projects\ORIGEN2","features\vegetation\flowers"
"moss_carpet.yml","C:\Projects\Hydraxia2","features\flora\lush","FILE DIFFERENT","C:\Projects\ORIGEN2","features\vegetation"
"big_dripleaf.yml","C:\Projects\Hydraxia2","features\flora\lush\dripleaf","FILE DIFFERENT","C:\Projects\ORIGEN2","features\vegetation\dripleaf"
"small_dripleaf.yml","C:\Projects\Hydraxia2","features\flora\lush\dripleaf","FILE DIFFERENT","C:\Projects\ORIGEN2","features\vegetation\dripleaf"
"sculk_flora.yml","C:\Projects\Hydraxia2","features\flora\sculk","FILE DIFFERENT","C:\Projects\ORIGEN2","features\vegetation\sculk"
"sculk_patches.yml","C:\Projects\Hydraxia2","features\flora\sculk","FILE DIFFERENT","C:\Projects\ORIGEN2","features\vegetation\sculk"
"sculk_tendrils.yml","C:\Projects\Hydraxia2","features\flora\sculk","FILE DIFFERENT","C:\Projects\ORIGEN2","features\flora\sculk"
"sculk_veins.yml","C:\Projects\Hydraxia2","features\flora\sculk","EXACT MATCH","C:\Projects\ORIGEN2","features\flora\sculk"
"barrens_dripstone.yml","C:\Projects\Hydraxia2","features\landforms","EXACT MATCH","C:\Projects\ORIGEN2","features\landforms"
"calcite_spikes.yml","C:\Projects\Hydraxia2","features\landforms","EXACT MATCH","C:\Projects\ORIGEN2","features\landforms"
"dripstone_spikes.yml","C:\Projects\Hydraxia2","features\landforms","EXACT MATCH","C:\Projects\ORIGEN2","features\landforms"
"floor_dripstone.yml","C:\Projects\Hydraxia2","features\landforms","EXACT MATCH","C:\Projects\ORIGEN2","features\landforms"
"icebergs.yml","C:\Projects\Hydraxia2","features\landforms","FILE DIFFERENT","C:\Projects\ORIGEN2","features\geological\ice\icebergs"
"ice_pillars.yml","C:\Projects\Hydraxia2","features\landforms","EXACT MATCH","C:\Projects\ORIGEN2","features\landforms"
"ice_pillars_ceiling.yml","C:\Projects\Hydraxia2","features\landforms","EXACT MATCH","C:\Projects\ORIGEN2","features\landforms"
"slanted_calcite_spikes.yml","C:\Projects\Hydraxia2","features\landforms","EXACT MATCH","C:\Projects\ORIGEN2","features\landforms"
"stone_spikes.yml","C:\Projects\Hydraxia2","features\landforms","EXACT MATCH","C:\Projects\ORIGEN2","features\landforms"
"boulders.yml","C:\Projects\Hydraxia2","features\landforms\boulders","FILE DIFFERENT","C:\Projects\ORIGEN2","features\geological\boulders"
"ice_boulders.yml","C:\Projects\Hydraxia2","features\landforms\boulders","EXACT MATCH","C:\Projects\ORIGEN2","features\landforms\boulders"
"mossy_boulders.yml","C:\Projects\Hydraxia2","features\landforms\boulders","FILE DIFFERENT","C:\Projects\ORIGEN2","features\geological\boulders"
"small_boulder_patches.yml","C:\Projects\Hydraxia2","features\landforms\boulders","FILE DIFFERENT","C:\Projects\ORIGEN2","features\geological\boulders"
"small_calcite_boulder_patches.yml","C:\Projects\Hydraxia2","features\landforms\boulders","EXACT MATCH","C:\Projects\ORIGEN2","features\landforms\boulders"
"small_granite_boulder_patches.yml","C:\Projects\Hydraxia2","features\landforms\boulders","FILE DIFFERENT","C:\Projects\ORIGEN2","features\geological\boulders"
"small_mossy_boulder_patches.yml","C:\Projects\Hydraxia2","features\landforms\boulders","FILE DIFFERENT","C:\Projects\ORIGEN2","features\geological\boulders"
"small_sandstone_boulder_patches.yml","C:\Projects\Hydraxia2","features\landforms\boulders","FILE DIFFERENT","C:\Projects\ORIGEN2","features\geological\boulders"
"glowstone_spike.yml","C:\Projects\Hydraxia2","features\landforms\caverns\arid","EXACT MATCH","C:\Projects\ORIGEN2","features\landforms\caverns\arid"
"basalt_pillar.yml","C:\Projects\Hydraxia2","features\landforms\caverns\basalt","EXACT MATCH","C:\Projects\ORIGEN2","features\landforms\caverns\basalt"
"amethyst_pillar.yml","C:\Projects\Hydraxia2","features\landforms\caverns\crystalline","EXACT MATCH","C:\Projects\ORIGEN2","features\landforms\caverns\crystalline"
"calcite_cavern_spike.yml","C:\Projects\Hydraxia2","features\landforms\caverns\crystalline","EXACT MATCH","C:\Projects\ORIGEN2","features\landforms\caverns\crystalline"
"floating_amethyst.yml","C:\Projects\Hydraxia2","features\landforms\caverns\crystalline","EXACT MATCH","C:\Projects\ORIGEN2","features\landforms\caverns\crystalline"
"dripstone_caves_boulder_patches.yml","C:\Projects\Hydraxia2","features\landforms\caverns\dripstone","FILE DIFFERENT","C:\Projects\ORIGEN2","features\geological\boulders"
"dripstone_caves_ceiling_pointed_dripstone.yml","C:\Projects\Hydraxia2","features\landforms\caverns\dripstone","FILE DIFFERENT","C:\Projects\ORIGEN2","features\geological\dripstone"
"dripstone_caves_floor_pointed_dripstone.yml","C:\Projects\Hydraxia2","features\landforms\caverns\dripstone","FILE DIFFERENT","C:\Projects\ORIGEN2","features\geological\dripstone"
"dripstone_caves_large_ceiling_dripstone.yml","C:\Projects\Hydraxia2","features\landforms\caverns\dripstone","FILE DIFFERENT","C:\Projects\ORIGEN2","features\geological\dripstone"
"cavern_ice_spikes_ceiling.yml","C:\Projects\Hydraxia2","features\landforms\caverns\frosted","EXACT MATCH","C:\Projects\ORIGEN2","features\landforms\caverns\frosted"
"cavern_ice_spikes_floor.yml","C:\Projects\Hydraxia2","features\landforms\caverns\frosted","EXACT MATCH","C:\Projects\ORIGEN2","features\landforms\caverns\frosted"
"ice_pillar.yml","C:\Projects\Hydraxia2","features\landforms\caverns\frosted","EXACT MATCH","C:\Projects\ORIGEN2","features\landforms\caverns\frosted"
"mushroom_disks.yml","C:\Projects\Hydraxia2","features\landforms\caverns\fungal","EXACT MATCH","C:\Projects\ORIGEN2","features\landforms\caverns\fungal"
"basalt_patches.yml","C:\Projects\Hydraxia2","features\landforms\caverns\magma","EXACT MATCH","C:\Projects\ORIGEN2","features\landforms\caverns\magma"
"magma_cave_lava_pillar.yml","C:\Projects\Hydraxia2","features\landforms\caverns\magma","EXACT MATCH","C:\Projects\ORIGEN2","features\landforms\caverns\magma"
"ice_spikes_moderate.yml","C:\Projects\Hydraxia2","features\landforms\ice_spikes","EXACT MATCH","C:\Projects\ORIGEN2","features\landforms\ice_spikes"
"ice_spikes_sparse.yml","C:\Projects\Hydraxia2","features\landforms\ice_spikes","EXACT MATCH","C:\Projects\ORIGEN2","features\landforms\ice_spikes"
"distribution_hydraxia.yml","C:\Projects\Hydraxia2","features\ores","FILE MOVED","C:\Projects\ORIGEN2","features\geological\deposits"
"andesite_deposits.yml","C:\Projects\Hydraxia2","features\ores\deposits","FILE DIFFERENT","C:\Projects\ORIGEN2","features\geological\deposits\deposits"
"basalt_deposits.yml","C:\Projects\Hydraxia2","features\ores\deposits","FILE DIFFERENT","C:\Projects\ORIGEN2","features\ores\deposits"
"clay_deposits.yml","C:\Projects\Hydraxia2","features\ores\deposits","FILE DIFFERENT","C:\Projects\ORIGEN2","features\geological\deposits\deposits"
"cobblestone_deposits.yml","C:\Projects\Hydraxia2","features\ores\deposits","FILE DIFFERENT","C:\Projects\ORIGEN2","features\ores\deposits"
"diorite_deposits.yml","C:\Projects\Hydraxia2","features\ores\deposits","FILE DIFFERENT","C:\Projects\ORIGEN2","features\geological\deposits\deposits"
"dirt_deposits.yml","C:\Projects\Hydraxia2","features\ores\deposits","FILE DIFFERENT","C:\Projects\ORIGEN2","features\geological\deposits\deposits"
"granite_deposits.yml","C:\Projects\Hydraxia2","features\ores\deposits","FILE DIFFERENT","C:\Projects\ORIGEN2","features\geological\deposits\deposits"
"gravel_deposits.yml","C:\Projects\Hydraxia2","features\ores\deposits","FILE DIFFERENT","C:\Projects\ORIGEN2","features\geological\deposits\deposits"
"mossy_cobblestone_deposits.yml","C:\Projects\Hydraxia2","features\ores\deposits","FILE DIFFERENT","C:\Projects\ORIGEN2","features\ores\deposits"
"mud_deposits.yml","C:\Projects\Hydraxia2","features\ores\deposits","FILE DIFFERENT","C:\Projects\ORIGEN2","features\ores\deposits"
"red_sand_deposits.yml","C:\Projects\Hydraxia2","features\ores\deposits","FILE DIFFERENT","C:\Projects\ORIGEN2","features\ores\deposits"
"sand_deposits.yml","C:\Projects\Hydraxia2","features\ores\deposits","FILE DIFFERENT","C:\Projects\ORIGEN2","features\ores\deposits"
"tuff_deposits.yml","C:\Projects\Hydraxia2","features\ores\deposits","FILE DIFFERENT","C:\Projects\ORIGEN2","features\geological\deposits\deposits"
"blue_ice_deposits.yml","C:\Projects\Hydraxia2","features\ores\deposits\cold","FILE DIFFERENT","C:\Projects\ORIGEN2","features\geological\deposits\deposits"
"powder_snow_deposits.yml","C:\Projects\Hydraxia2","features\ores\deposits\cold","FILE DIFFERENT","C:\Projects\ORIGEN2","features\geological\deposits\deposits"
"amethyst_geodes.yml","C:\Projects\Hydraxia2","features\ores\misc","FILE DIFFERENT","C:\Projects\ORIGEN2","features\geological"
"amethyst_geodes_high.yml","C:\Projects\Hydraxia2","features\ores\misc","EXACT MATCH","C:\Projects\ORIGEN2","features\ores\misc"
"coal_ore.yml","C:\Projects\Hydraxia2","features\ores\ores","MULTIPLE","C:\Projects\ORIGEN2",""
"coal_ore.yml","C:\Projects\Hydraxia2","structures\ores\ores\ores","MULTIPLE","C:\Projects\ORIGEN2",""
"coal_ore_high.yml","C:\Projects\Hydraxia2","features\ores\ores","FILE DIFFERENT","C:\Projects\ORIGEN2","features\geological\deposits\ores"
"coal_ore_uniform.yml","C:\Projects\Hydraxia2","features\ores\ores","FILE DIFFERENT","C:\Projects\ORIGEN2","features\geological\deposits\ores"
"copper_ore.yml","C:\Projects\Hydraxia2","features\ores\ores","MULTIPLE","C:\Projects\ORIGEN2",""
"copper_ore.yml","C:\Projects\Hydraxia2","structures\ores\ores\ores","MULTIPLE","C:\Projects\ORIGEN2",""
"diamond_ore.yml","C:\Projects\Hydraxia2","features\ores\ores","MULTIPLE","C:\Projects\ORIGEN2",""
"diamond_ore.yml","C:\Projects\Hydraxia2","structures\ores\ores\ores","MULTIPLE","C:\Projects\ORIGEN2",""
"diamond_ore_high.yml","C:\Projects\Hydraxia2","features\ores\ores","FILE DIFFERENT","C:\Projects\ORIGEN2","features\ores\ores"
"emerald_ore.yml","C:\Projects\Hydraxia2","features\ores\ores","MULTIPLE","C:\Projects\ORIGEN2",""
"emerald_ore.yml","C:\Projects\Hydraxia2","structures\ores\ores\ores","MULTIPLE","C:\Projects\ORIGEN2",""
"emerald_ore_high.yml","C:\Projects\Hydraxia2","features\ores\ores","FILE DIFFERENT","C:\Projects\ORIGEN2","features\ores\ores"
"gold_ore.yml","C:\Projects\Hydraxia2","features\ores\ores","MULTIPLE","C:\Projects\ORIGEN2",""
"gold_ore.yml","C:\Projects\Hydraxia2","structures\ores\ores\ores","MULTIPLE","C:\Projects\ORIGEN2",""
"gold_ore_high.yml","C:\Projects\Hydraxia2","features\ores\ores","FILE DIFFERENT","C:\Projects\ORIGEN2","features\geological\deposits\ores"
"gold_ore_uniform.yml","C:\Projects\Hydraxia2","features\ores\ores","FILE DIFFERENT","C:\Projects\ORIGEN2","features\geological\deposits\ores"
"iron_ore.yml","C:\Projects\Hydraxia2","features\ores\ores","MULTIPLE","C:\Projects\ORIGEN2",""
"iron_ore.yml","C:\Projects\Hydraxia2","structures\ores\ores\ores","MULTIPLE","C:\Projects\ORIGEN2",""
"iron_ore_high.yml","C:\Projects\Hydraxia2","features\ores\ores","FILE DIFFERENT","C:\Projects\ORIGEN2","features\geological\deposits\ores"
"iron_ore_uniform.yml","C:\Projects\Hydraxia2","features\ores\ores","FILE DIFFERENT","C:\Projects\ORIGEN2","features\geological\deposits\ores"
"lapis_ore.yml","C:\Projects\Hydraxia2","features\ores\ores","MULTIPLE","C:\Projects\ORIGEN2",""
"lapis_ore.yml","C:\Projects\Hydraxia2","structures\ores\ores\ores","MULTIPLE","C:\Projects\ORIGEN2",""
"lapis_ore_uniform.yml","C:\Projects\Hydraxia2","features\ores\ores","FILE DIFFERENT","C:\Projects\ORIGEN2","features\geological\deposits\ores"
"redstone_ore.yml","C:\Projects\Hydraxia2","features\ores\ores","MULTIPLE","C:\Projects\ORIGEN2",""
"redstone_ore.yml","C:\Projects\Hydraxia2","structures\ores\ores\ores","MULTIPLE","C:\Projects\ORIGEN2",""
"redstone_ore_high.yml","C:\Projects\Hydraxia2","features\ores\ores","FILE DIFFERENT","C:\Projects\ORIGEN2","features\ores\ores"
"redstone_ore_uniform.yml","C:\Projects\Hydraxia2","features\ores\ores","FILE DIFFERENT","C:\Projects\ORIGEN2","features\geological\deposits\ores"
"copper_ore_veins.yml","C:\Projects\Hydraxia2","features\ores\ores\veins","FILE DIFFERENT","C:\Projects\ORIGEN2","features\geological\deposits\ores\veins"
"diamond_ore_veins.yml","C:\Projects\Hydraxia2","features\ores\ores\veins","EXACT MATCH","C:\Projects\ORIGEN2","features\ores\ores\veins"
"iron_ore_veins.yml","C:\Projects\Hydraxia2","features\ores\ores\veins","FILE DIFFERENT","C:\Projects\ORIGEN2","features\geological\deposits\ores\veins"
"contain_floating_water.yml","C:\Projects\Hydraxia2","features\technical_crap","FILE DIFFERENT","C:\Projects\ORIGEN2","features\geological"
"ice_coastline.yml","C:\Projects\Hydraxia2","features\technical_crap","FILE DIFFERENT","C:\Projects\ORIGEN2","features\geological\ice"
"textured_stone_slant.yml","C:\Projects\Hydraxia2","features\technical_crap","FILE DIFFERENT","C:\Projects\ORIGEN2","features\geological\boulders"
"plantable.yml","C:\Projects\Hydraxia2","features\technical_crap\plantable","FILE MOVED","C:\Projects\ORIGEN2","features\plantable"
"snow_plantable.yml","C:\Projects\Hydraxia2","features\technical_crap\plantable","FILE MOVED","C:\Projects\ORIGEN2","features\plantable"
"spawnable.yml","C:\Projects\Hydraxia2","features\technical_crap\plantable","FILE MOVED","C:\Projects\ORIGEN2","features\plantable"
"autumnal_trees.yml","C:\Projects\Hydraxia2","features\trees","FILE DIFFERENT","C:\Projects\ORIGEN2","features\trees"
"azalea_trees.yml","C:\Projects\Hydraxia2","features\trees","FILE DIFFERENT","C:\Projects\ORIGEN2","features\trees"
"birch_trees_dense.yml","C:\Projects\Hydraxia2","features\trees","FILE DIFFERENT","C:\Projects\ORIGEN2","features\trees"
"caldera_dead_trees.yml","C:\Projects\Hydraxia2","features\trees","FILE DIFFERENT","C:\Projects\ORIGEN2","features\trees"
"dark_oak_trees_moderate.yml","C:\Projects\Hydraxia2","features\trees","FILE DIFFERENT","C:\Projects\ORIGEN2","features\trees"
"dead_swamp_trees.yml","C:\Projects\Hydraxia2","features\trees","FILE DIFFERENT","C:\Projects\ORIGEN2","features\vegetation\trees"
"dead_trees_large.yml","C:\Projects\Hydraxia2","features\trees","FILE DIFFERENT","C:\Projects\ORIGEN2","features\trees"
"dead_trees_moderate.yml","C:\Projects\Hydraxia2","features\trees","FILE DIFFERENT","C:\Projects\ORIGEN2","features\trees"
"dripstone_barren_trees.yml","C:\Projects\Hydraxia2","features\trees","FILE DIFFERENT","C:\Projects\ORIGEN2","features\trees"
"enchanted_trees.yml","C:\Projects\Hydraxia2","features\trees","FILE DIFFERENT","C:\Projects\ORIGEN2","features\trees"
"fir_trees.yml","C:\Projects\Hydraxia2","features\trees","FILE DIFFERENT","C:\Projects\ORIGEN2","features\trees"
"ice_trees.yml","C:\Projects\Hydraxia2","features\trees","EXACT MATCH","C:\Projects\ORIGEN2","features\trees"
"jungle_trees.yml","C:\Projects\Hydraxia2","features\trees","FILE DIFFERENT","C:\Projects\ORIGEN2","features\vegetation\trees"
"lavender_trees_moderate.yml","C:\Projects\Hydraxia2","features\trees","FILE DIFFERENT","C:\Projects\ORIGEN2","features\trees"
"lavender_trees_rare.yml","C:\Projects\Hydraxia2","features\trees","FILE DIFFERENT","C:\Projects\ORIGEN2","features\trees"
"oak_trees_bog.yml","C:\Projects\Hydraxia2","features\trees","FILE DIFFERENT","C:\Projects\ORIGEN2","features\trees"
"oak_trees_dense.yml","C:\Projects\Hydraxia2","features\trees","FILE DIFFERENT","C:\Projects\ORIGEN2","features\trees"
"oak_trees_occasional.yml","C:\Projects\Hydraxia2","features\trees","FILE DIFFERENT","C:\Projects\ORIGEN2","features\trees"
"oak_trees_rare.yml","C:\Projects\Hydraxia2","features\trees","FILE DIFFERENT","C:\Projects\ORIGEN2","features\trees"
"oak_tree_big_dense.yml","C:\Projects\Hydraxia2","features\trees","FILE DIFFERENT","C:\Projects\ORIGEN2","features\trees"
"redwood_trees.yml","C:\Projects\Hydraxia2","features\trees","EXACT MATCH","C:\Projects\ORIGEN2","features\trees"
"sakura_trees.yml","C:\Projects\Hydraxia2","features\trees","FILE DIFFERENT","C:\Projects\ORIGEN2","features\vegetation\trees"
"spruce_trees_dense.yml","C:\Projects\Hydraxia2","features\trees","FILE DIFFERENT","C:\Projects\ORIGEN2","features\trees"
"spruce_trees_moderate.yml","C:\Projects\Hydraxia2","features\trees","FILE DIFFERENT","C:\Projects\ORIGEN2","features\trees"
"spruce_trees_sparse.yml","C:\Projects\Hydraxia2","features\trees","FILE DIFFERENT","C:\Projects\ORIGEN2","features\trees"
"sugar_pine_trees.yml","C:\Projects\Hydraxia2","features\trees","FILE DIFFERENT","C:\Projects\ORIGEN2","features\trees"
"swamp_trees.yml","C:\Projects\Hydraxia2","features\trees","FILE DIFFERENT","C:\Projects\ORIGEN2","features\trees"
"bamboo_patches.yml","C:\Projects\Hydraxia2","features\trees\bamboo","FILE DIFFERENT","C:\Projects\ORIGEN2","features\vegetation"
"bamboo_patches_caverns.yml","C:\Projects\Hydraxia2","features\trees\bamboo","FILE DIFFERENT","C:\Projects\ORIGEN2","features\trees\bamboo"
"huge_mushrooms_caverns.yml","C:\Projects\Hydraxia2","features\trees\caverns\fungal","EXACT MATCH","C:\Projects\ORIGEN2","features\trees\caverns\fungal"
"lavender_trees_moderate_caverns.yml","C:\Projects\Hydraxia2","features\trees\caverns\lavender","FILE DIFFERENT","C:\Projects\ORIGEN2","features\trees\caverns\lavender"
"great_azalea_trees.yml","C:\Projects\Hydraxia2","features\trees\caverns\lush","FILE DIFFERENT","C:\Projects\ORIGEN2","features\vegetation\trees"
"acacia_trees_caverns.yml","C:\Projects\Hydraxia2","features\trees\caverns\underground_woodlands","FILE DIFFERENT","C:\Projects\ORIGEN2","features\trees\caverns\underground_woodlands"
"autumnal_trees_caverns.yml","C:\Projects\Hydraxia2","features\trees\caverns\underground_woodlands","FILE DIFFERENT","C:\Projects\ORIGEN2","features\trees\caverns\underground_woodlands"
"birch_trees_moderate_caverns.yml","C:\Projects\Hydraxia2","features\trees\caverns\underground_woodlands","FILE DIFFERENT","C:\Projects\ORIGEN2","features\trees\caverns\underground_woodlands"
"dark_oak_trees_moderate_caverns.yml","C:\Projects\Hydraxia2","features\trees\caverns\underground_woodlands","FILE DIFFERENT","C:\Projects\ORIGEN2","features\trees\caverns\underground_woodlands"
"enchanted_trees_caverns.yml","C:\Projects\Hydraxia2","features\trees\caverns\underground_woodlands","FILE DIFFERENT","C:\Projects\ORIGEN2","features\trees\caverns\underground_woodlands"
"jungle_trees_caverns.yml","C:\Projects\Hydraxia2","features\trees\caverns\underground_woodlands","FILE DIFFERENT","C:\Projects\ORIGEN2","features\trees\caverns\underground_woodlands"
"mangrove_trees_caverns.yml","C:\Projects\Hydraxia2","features\trees\caverns\underground_woodlands","FILE DIFFERENT","C:\Projects\ORIGEN2","features\trees\caverns\underground_woodlands"
"oak_trees_moderate_caverns.yml","C:\Projects\Hydraxia2","features\trees\caverns\underground_woodlands","FILE DIFFERENT","C:\Projects\ORIGEN2","features\trees\caverns\underground_woodlands"
"sakura_trees_caverns.yml","C:\Projects\Hydraxia2","features\trees\caverns\underground_woodlands","FILE DIFFERENT","C:\Projects\ORIGEN2","features\trees\caverns\underground_woodlands"
"spruce_trees_dense_caverns.yml","C:\Projects\Hydraxia2","features\trees\caverns\underground_woodlands","FILE DIFFERENT","C:\Projects\ORIGEN2","features\trees\caverns\underground_woodlands"
"lava_pools_mountain.yml","C:\Projects\Hydraxia2","features\world_features","EXACT MATCH","C:\Projects\ORIGEN2","features\world_features"
"lava_floor.yml","C:\Projects\Hydraxia2","features\world_features\caverns","FILE DIFFERENT","C:\Projects\ORIGEN2","features\geological"
"underground_lava_columns.yml","C:\Projects\Hydraxia2","features\world_features\caverns","FILE DIFFERENT","C:\Projects\ORIGEN2","features\geological"
"amethyst_cluster_strips.yml","C:\Projects\Hydraxia2","features\world_features\caverns\crystalline","EXACT MATCH","C:\Projects\ORIGEN2","features\world_features\caverns\crystalline"
"ceiling_dripstone_blocks.yml","C:\Projects\Hydraxia2","features\world_features\caverns\dripstone","FILE DIFFERENT","C:\Projects\ORIGEN2","features\geological\dripstone"
"dripstone_cave_pools.yml","C:\Projects\Hydraxia2","features\world_features\caverns\dripstone","FILE DIFFERENT","C:\Projects\ORIGEN2","features\geological\dripstone"
"dripstone_columns.yml","C:\Projects\Hydraxia2","features\world_features\caverns\dripstone","FILE DIFFERENT","C:\Projects\ORIGEN2","features\geological\dripstone"
"lush_cave_water_pools.yml","C:\Projects\Hydraxia2","features\world_features\caverns\lush","FILE DIFFERENT","C:\Projects\ORIGEN2","features\geological"
"magma_cave_lava_pools.yml","C:\Projects\Hydraxia2","features\world_features\caverns\magma","EXACT MATCH","C:\Projects\ORIGEN2","features\world_features\caverns\magma"
"mangrove_water_pools.yml","C:\Projects\Hydraxia2","features\world_features\caverns\mangrove_caverns","EXACT MATCH","C:\Projects\ORIGEN2","features\world_features\caverns\mangrove_caverns"
"sculk_webs.yml","C:\Projects\Hydraxia2","features\world_features\caverns\sculk","FILE DIFFERENT","C:\Projects\ORIGEN2","features\vegetation\sculk"
"slabs.yml","C:\Projects\Hydraxia2","features\world_features\slabs","FILE DIFFERENT","C:\Projects\ORIGEN2","features\geological\slabs"
"stone_slabs.yml","C:\Projects\Hydraxia2","features\world_features\slabs","FILE MOVED","C:\Projects\ORIGEN2","features\geological\slabs"
"snow_layers.yml","C:\Projects\Hydraxia2","features\world_features\snow","FILE DIFFERENT","C:\Projects\ORIGEN2","features\geological\slabs"
"snow_layers_caverns.yml","C:\Projects\Hydraxia2","features\world_features\snow","EXACT MATCH","C:\Projects\ORIGEN2","features\world_features\snow"
"snow_layers_iceberg.yml","C:\Projects\Hydraxia2","features\world_features\snow","FILE DIFFERENT","C:\Projects\ORIGEN2","features\world_features\snow"
"snow_layers_near_lava.yml","C:\Projects\Hydraxia2","features\world_features\snow","EXACT MATCH","C:\Projects\ORIGEN2","features\world_features\snow"
"snow_layers_single.yml","C:\Projects\Hydraxia2","features\world_features\snow","FILE DIFFERENT","C:\Projects\ORIGEN2","features\world_features\snow"
"snow_layers_single_moderate.yml","C:\Projects\Hydraxia2","features\world_features\snow","FILE DIFFERENT","C:\Projects\ORIGEN2","features\world_features\snow"
"snow_layers_single_sparse.yml","C:\Projects\Hydraxia2","features\world_features\snow","FILE DIFFERENT","C:\Projects\ORIGEN2","features\world_features\snow"
"tree_snow.yml","C:\Projects\Hydraxia2","features\world_features\snow","FILE DIFFERENT","C:\Projects\ORIGEN2","features\geological"
"swamp_water_pools.yml","C:\Projects\Hydraxia2","features\world_features\swamp","EXACT MATCH","C:\Projects\ORIGEN2","features\world_features\swamp"
"lerp.yml","C:\Projects\Hydraxia2","functions","FILE MOVED","C:\Projects\ORIGEN2","math\functions"
"maskSmooth.yml","C:\Projects\Hydraxia2","functions","FILE DIFFERENT","C:\Projects\ORIGEN2","math\functions"
"terrace.yml","C:\Projects\Hydraxia2","functions","FILE DIFFERENT","C:\Projects\ORIGEN2","math\functions"
"isle_ice.yml","C:\Projects\Hydraxia2","palettes","EXACT MATCH","C:\Projects\ORIGEN2","palettes"
"rock_layers.yml","C:\Projects\Hydraxia2","palettes","EXACT MATCH","C:\Projects\ORIGEN2","palettes"
"grass_deepslate.yml","C:\Projects\Hydraxia2","palettes\caverns","EXACT MATCH","C:\Projects\ORIGEN2","palettes\caverns"
"grass_deepslate_transition.yml","C:\Projects\Hydraxia2","palettes\caverns","EXACT MATCH","C:\Projects\ORIGEN2","palettes\caverns"
"grass_granite.yml","C:\Projects\Hydraxia2","palettes\caverns","EXACT MATCH","C:\Projects\ORIGEN2","palettes\caverns"
"grass_granite_deepslate.yml","C:\Projects\Hydraxia2","palettes\caverns","EXACT MATCH","C:\Projects\ORIGEN2","palettes\caverns"
"grass_granite_deepslate_transition.yml","C:\Projects\Hydraxia2","palettes\caverns","EXACT MATCH","C:\Projects\ORIGEN2","palettes\caverns"
"savannah_deepslate.yml","C:\Projects\Hydraxia2","palettes\caverns","EXACT MATCH","C:\Projects\ORIGEN2","palettes\caverns"
"savannah_deepslate_transition.yml","C:\Projects\Hydraxia2","palettes\caverns","EXACT MATCH","C:\Projects\ORIGEN2","palettes\caverns"
"snowy_taiga_deepslate.yml","C:\Projects\Hydraxia2","palettes\caverns","EXACT MATCH","C:\Projects\ORIGEN2","palettes\caverns"
"snowy_taiga_deepslate_transition.yml","C:\Projects\Hydraxia2","palettes\caverns","EXACT MATCH","C:\Projects\ORIGEN2","palettes\caverns"
"swamp_grass_deepslate.yml","C:\Projects\Hydraxia2","palettes\caverns","EXACT MATCH","C:\Projects\ORIGEN2","palettes\caverns"
"swamp_grass_deepslate_transition.yml","C:\Projects\Hydraxia2","palettes\caverns","EXACT MATCH","C:\Projects\ORIGEN2","palettes\caverns"
"andesite_caverns_deepslate.yml","C:\Projects\Hydraxia2","palettes\caverns\andesite","EXACT MATCH","C:\Projects\ORIGEN2","palettes\caverns\andesite"
"arid_caverns_deepslate.yml","C:\Projects\Hydraxia2","palettes\caverns\arid","EXACT MATCH","C:\Projects\ORIGEN2","palettes\caverns\arid"
"barren_caverns_deepslate.yml","C:\Projects\Hydraxia2","palettes\caverns\barren","EXACT MATCH","C:\Projects\ORIGEN2","palettes\caverns\barren"
"basalt_caverns_deepslate.yml","C:\Projects\Hydraxia2","palettes\caverns\basalt","EXACT MATCH","C:\Projects\ORIGEN2","palettes\caverns\basalt"
"blackstone_caverns_deepslate.yml","C:\Projects\Hydraxia2","palettes\caverns\blackstone","EXACT MATCH","C:\Projects\ORIGEN2","palettes\caverns\blackstone"
"calcite_caverns_deepslate.yml","C:\Projects\Hydraxia2","palettes\caverns\calcite","EXACT MATCH","C:\Projects\ORIGEN2","palettes\caverns\calcite"
"crumbling_caverns_deepslate.yml","C:\Projects\Hydraxia2","palettes\caverns\crumbling","EXACT MATCH","C:\Projects\ORIGEN2","palettes\caverns\crumbling"
"crystalline_caverns_deepslate.yml","C:\Projects\Hydraxia2","palettes\caverns\crystalline","EXACT MATCH","C:\Projects\ORIGEN2","palettes\caverns\crystalline"
"diorite_caverns_deepslate.yml","C:\Projects\Hydraxia2","palettes\caverns\diorite","EXACT MATCH","C:\Projects\ORIGEN2","palettes\caverns\diorite"
"dripstone_caverns_deepslate.yml","C:\Projects\Hydraxia2","palettes\caverns\dripstone","EXACT MATCH","C:\Projects\ORIGEN2","palettes\caverns\dripstone"
"frosted_caverns_deepslate.yml","C:\Projects\Hydraxia2","palettes\caverns\frosted","EXACT MATCH","C:\Projects\ORIGEN2","palettes\caverns\frosted"
"frosted_caverns_near_lava.yml","C:\Projects\Hydraxia2","palettes\caverns\frosted","EXACT MATCH","C:\Projects\ORIGEN2","palettes\caverns\frosted"
"fungal_caverns_deepslate.yml","C:\Projects\Hydraxia2","palettes\caverns\fungal","EXACT MATCH","C:\Projects\ORIGEN2","palettes\caverns\fungal"
"granite_caverns_deepslate.yml","C:\Projects\Hydraxia2","palettes\caverns\granite","EXACT MATCH","C:\Projects\ORIGEN2","palettes\caverns\granite"
"grass_calcite.yml","C:\Projects\Hydraxia2","palettes\caverns\lavender","EXACT MATCH","C:\Projects\ORIGEN2","palettes\caverns\lavender"
"grass_calcite_deepslate.yml","C:\Projects\Hydraxia2","palettes\caverns\lavender","EXACT MATCH","C:\Projects\ORIGEN2","palettes\caverns\lavender"
"grass_calcite_deepslate_transition.yml","C:\Projects\Hydraxia2","palettes\caverns\lavender","EXACT MATCH","C:\Projects\ORIGEN2","palettes\caverns\lavender"
"lush_caverns_deepslate.yml","C:\Projects\Hydraxia2","palettes\caverns\lush","EXACT MATCH","C:\Projects\ORIGEN2","palettes\caverns\lush"
"magma_caverns_deepslate.yml","C:\Projects\Hydraxia2","palettes\caverns\magma","EXACT MATCH","C:\Projects\ORIGEN2","palettes\caverns\magma"
"sculk_caverns_deepslate.yml","C:\Projects\Hydraxia2","palettes\caverns\sculk","EXACT MATCH","C:\Projects\ORIGEN2","palettes\caverns\sculk"
"ice_layers.yml","C:\Projects\Hydraxia2","palettes\cold\icy","EXACT MATCH","C:\Projects\ORIGEN2","palettes\cold\icy"
"ice_mix.yml","C:\Projects\Hydraxia2","palettes\cold\icy","EXACT MATCH","C:\Projects\ORIGEN2","palettes\cold\icy"
"ice_stone.yml","C:\Projects\Hydraxia2","palettes\cold\icy","EXACT MATCH","C:\Projects\ORIGEN2","palettes\cold\icy"
"snowy_grass.yml","C:\Projects\Hydraxia2","palettes\cold\snowy","EXACT MATCH","C:\Projects\ORIGEN2","palettes\cold\snowy"
"snowy_grass_calcite.yml","C:\Projects\Hydraxia2","palettes\cold\snowy","EXACT MATCH","C:\Projects\ORIGEN2","palettes\cold\snowy"
"snowy_ground.yml","C:\Projects\Hydraxia2","palettes\cold\snowy","EXACT MATCH","C:\Projects\ORIGEN2","palettes\cold\snowy"
"snowy_ice.yml","C:\Projects\Hydraxia2","palettes\cold\snowy","EXACT MATCH","C:\Projects\ORIGEN2","palettes\cold\snowy"
"snowy_marsh.yml","C:\Projects\Hydraxia2","palettes\cold\snowy","EXACT MATCH","C:\Projects\ORIGEN2","palettes\cold\snowy"
"snowy_swamp.yml","C:\Projects\Hydraxia2","palettes\cold\snowy","EXACT MATCH","C:\Projects\ORIGEN2","palettes\cold\snowy"
"snowy_taiga.yml","C:\Projects\Hydraxia2","palettes\cold\snowy","MULTIPLE","C:\Projects\ORIGEN2",""
"snowy_tundra.yml","C:\Projects\Hydraxia2","palettes\cold\snowy","EXACT MATCH","C:\Projects\ORIGEN2","palettes\cold\snowy"
"bedrock.yml","C:\Projects\Hydraxia2","palettes\ground","MULTIPLE","C:\Projects\ORIGEN2",""
"deepslate.yml","C:\Projects\Hydraxia2","palettes\ground","MULTIPLE","C:\Projects\ORIGEN2",""
"grass_isles.yml","C:\Projects\Hydraxia2","palettes\isles","EXACT MATCH","C:\Projects\ORIGEN2","palettes\isles"
"snowy_grass_isles.yml","C:\Projects\Hydraxia2","palettes\isles","EXACT MATCH","C:\Projects\ORIGEN2","palettes\isles"
"snowy_ice_isles.yml","C:\Projects\Hydraxia2","palettes\isles","EXACT MATCH","C:\Projects\ORIGEN2","palettes\isles"
"snowy_taiga_isles.yml","C:\Projects\Hydraxia2","palettes\isles","EXACT MATCH","C:\Projects\ORIGEN2","palettes\isles"
"isles_ice.yml","C:\Projects\Hydraxia2","palettes\isles\base_palette","EXACT MATCH","C:\Projects\ORIGEN2","palettes\isles\base_palette"
"frozen_ocean.yml","C:\Projects\Hydraxia2","palettes\ocean_palette","MULTIPLE","C:\Projects\ORIGEN2",""
"river_bank.yml","C:\Projects\Hydraxia2","palettes\river","EXACT MATCH","C:\Projects\ORIGEN2","palettes\river"
"river_mud.yml","C:\Projects\Hydraxia2","palettes\river","EXACT MATCH","C:\Projects\ORIGEN2","palettes\river"
"bog.yml","C:\Projects\Hydraxia2","palettes\soil","EXACT MATCH","C:\Projects\ORIGEN2","palettes\soil"
"coarse_dirt.yml","C:\Projects\Hydraxia2","palettes\soil","MULTIPLE","C:\Projects\ORIGEN2",""
"savannah.yml","C:\Projects\Hydraxia2","palettes\soil","EXACT MATCH","C:\Projects\ORIGEN2","palettes\soil"
"sculk_grass.yml","C:\Projects\Hydraxia2","palettes\soil","EXACT MATCH","C:\Projects\ORIGEN2","palettes\soil"
"swamp_grass.yml","C:\Projects\Hydraxia2","palettes\soil","EXACT MATCH","C:\Projects\ORIGEN2","palettes\soil"
"deepslate_mix.yml","C:\Projects\Hydraxia2","palettes\stone","EXACT MATCH","C:\Projects\ORIGEN2","palettes\stone"
"granite_slant.yml","C:\Projects\Hydraxia2","palettes\stone","EXACT MATCH","C:\Projects\ORIGEN2","palettes\stone"
"gravel.yml","C:\Projects\Hydraxia2","palettes\stone","FILE DIFFERENT","C:\Projects\ORIGEN2","palettes\stone"
"hot_stone.yml","C:\Projects\Hydraxia2","palettes\stone","EXACT MATCH","C:\Projects\ORIGEN2","palettes\stone"
"hot_stone_transition.yml","C:\Projects\Hydraxia2","palettes\stone","EXACT MATCH","C:\Projects\ORIGEN2","palettes\stone"
"mossy_stone.yml","C:\Projects\Hydraxia2","palettes\stone","EXACT MATCH","C:\Projects\ORIGEN2","palettes\stone"
"mossy_stone_mix.yml","C:\Projects\Hydraxia2","palettes\stone","EXACT MATCH","C:\Projects\ORIGEN2","palettes\stone"
"smooth_basalt_stone.yml","C:\Projects\Hydraxia2","palettes\stone","MULTIPLE","C:\Projects\ORIGEN2",""
"stone_mix.yml","C:\Projects\Hydraxia2","palettes\stone","EXACT MATCH","C:\Projects\ORIGEN2","palettes\stone"
"tuff_stone.yml","C:\Projects\Hydraxia2","palettes\stone","EXACT MATCH","C:\Projects\ORIGEN2","palettes\stone"
"white_stone.yml","C:\Projects\Hydraxia2","palettes\stone","EXACT MATCH","C:\Projects\ORIGEN2","palettes\stone"
"white_stone_water.yml","C:\Projects\Hydraxia2","palettes\stone","EXACT MATCH","C:\Projects\ORIGEN2","palettes\stone"
"samplers.yml","C:\Projects\Hydraxia2","samplers","FILE MOVED","C:\Projects\ORIGEN2","math\samplers"
"allays.tesf","C:\Projects\Hydraxia2","structures\entities","EXACT MATCH","C:\Projects\ORIGEN2","structures\entities"
"bats.tesf","C:\Projects\Hydraxia2","structures\entities","EXACT MATCH","C:\Projects\ORIGEN2","structures\entities"
"blazes.tesf","C:\Projects\Hydraxia2","structures\entities","EXACT MATCH","C:\Projects\ORIGEN2","structures\entities"
"chickens.tesf","C:\Projects\Hydraxia2","structures\entities","EXACT MATCH","C:\Projects\ORIGEN2","structures\entities"
"cows.tesf","C:\Projects\Hydraxia2","structures\entities","EXACT MATCH","C:\Projects\ORIGEN2","structures\entities"
"dolphins.tesf","C:\Projects\Hydraxia2","structures\entities","EXACT MATCH","C:\Projects\ORIGEN2","structures\entities"
"donkeys.tesf","C:\Projects\Hydraxia2","structures\entities","EXACT MATCH","C:\Projects\ORIGEN2","structures\entities"
"frogs.tesf","C:\Projects\Hydraxia2","structures\entities","EXACT MATCH","C:\Projects\ORIGEN2","structures\entities"
"goats.tesf","C:\Projects\Hydraxia2","structures\entities","EXACT MATCH","C:\Projects\ORIGEN2","structures\entities"
"horses.tesf","C:\Projects\Hydraxia2","structures\entities","EXACT MATCH","C:\Projects\ORIGEN2","structures\entities"
"mooshrooms.tesf","C:\Projects\Hydraxia2","structures\entities","EXACT MATCH","C:\Projects\ORIGEN2","structures\entities"
"ocelots.tesf","C:\Projects\Hydraxia2","structures\entities","EXACT MATCH","C:\Projects\ORIGEN2","structures\entities"
"pandas.tesf","C:\Projects\Hydraxia2","structures\entities","EXACT MATCH","C:\Projects\ORIGEN2","structures\entities"
"parrots.tesf","C:\Projects\Hydraxia2","structures\entities","EXACT MATCH","C:\Projects\ORIGEN2","structures\entities"
"pigs.tesf","C:\Projects\Hydraxia2","structures\entities","EXACT MATCH","C:\Projects\ORIGEN2","structures\entities"
"polar_bears.tesf","C:\Projects\Hydraxia2","structures\entities","EXACT MATCH","C:\Projects\ORIGEN2","structures\entities"
"sheep.tesf","C:\Projects\Hydraxia2","structures\entities","EXACT MATCH","C:\Projects\ORIGEN2","structures\entities"
"slimes.tesf","C:\Projects\Hydraxia2","structures\entities","EXACT MATCH","C:\Projects\ORIGEN2","structures\entities"
"turtles.tesf","C:\Projects\Hydraxia2","structures\entities","EXACT MATCH","C:\Projects\ORIGEN2","structures\entities"
"large_fern.tesf","C:\Projects\Hydraxia2","structures\flora","FILE MOVED","C:\Projects\ORIGEN2","structures\vegetation"
"oak_shrub.tesf","C:\Projects\Hydraxia2","structures\flora","EXACT MATCH","C:\Projects\ORIGEN2","structures\flora"
"sugar_cane.tesf","C:\Projects\Hydraxia2","structures\flora","FILE DIFFERENT","C:\Projects\ORIGEN2","structures\vegetation"
"tall_grass.tesf","C:\Projects\Hydraxia2","structures\flora","FILE MOVED","C:\Projects\ORIGEN2","structures\vegetation"
"kelp.tesf","C:\Projects\Hydraxia2","structures\flora\aquatic","FILE DIFFERENT","C:\Projects\ORIGEN2","structures\vegetation\underwater"
"kelp_low.tesf","C:\Projects\Hydraxia2","structures\flora\aquatic","FILE DIFFERENT","C:\Projects\ORIGEN2","structures\vegetation\underwater"
"tall_seagrass.tesf","C:\Projects\Hydraxia2","structures\flora\aquatic","FILE DIFFERENT","C:\Projects\ORIGEN2","structures\vegetation\underwater"
"acacia_bush.tesf","C:\Projects\Hydraxia2","structures\flora\bushes","EXACT MATCH","C:\Projects\ORIGEN2","structures\flora\bushes"
"autumnal_bush.tesf","C:\Projects\Hydraxia2","structures\flora\bushes","EXACT MATCH","C:\Projects\ORIGEN2","structures\flora\bushes"
"azalea_bush.tesf","C:\Projects\Hydraxia2","structures\flora\bushes","FILE DIFFERENT","C:\Projects\ORIGEN2","structures\vegetation\bushes"
"birch_bush.tesf","C:\Projects\Hydraxia2","structures\flora\bushes","EXACT MATCH","C:\Projects\ORIGEN2","structures\flora\bushes"
"dark_oak_bush.tesf","C:\Projects\Hydraxia2","structures\flora\bushes","EXACT MATCH","C:\Projects\ORIGEN2","structures\flora\bushes"
"oak_bush.tesf","C:\Projects\Hydraxia2","structures\flora\bushes","FILE DIFFERENT","C:\Projects\ORIGEN2","structures\vegetation\bushes"
"spruce_bush.tesf","C:\Projects\Hydraxia2","structures\flora\bushes","FILE DIFFERENT","C:\Projects\ORIGEN2","structures\vegetation\bushes"
"glow_lichen.tesf","C:\Projects\Hydraxia2","structures\flora\caverns","FILE DIFFERENT","C:\Projects\ORIGEN2","structures\vegetation"
"cactus.tesf","C:\Projects\Hydraxia2","structures\flora\caverns\arid","FILE DIFFERENT","C:\Projects\ORIGEN2","structures\vegetation"
"shroomlight_ceiling.tesf","C:\Projects\Hydraxia2","structures\flora\caverns\fungal","EXACT MATCH","C:\Projects\ORIGEN2","structures\flora\caverns\fungal"
"glow_berries.tesf","C:\Projects\Hydraxia2","structures\flora\caverns\lush","FILE DIFFERENT","C:\Projects\ORIGEN2","structures\vegetation\vines"
"berry_bush_patch.tesf","C:\Projects\Hydraxia2","structures\flora\crops","EXACT MATCH","C:\Projects\ORIGEN2","structures\flora\crops"
"melon_patch.tesf","C:\Projects\Hydraxia2","structures\flora\crops","FILE DIFFERENT","C:\Projects\ORIGEN2","structures\vegetation\crops"
"pumpkin_patch.tesf","C:\Projects\Hydraxia2","structures\flora\crops","FILE DIFFERENT","C:\Projects\ORIGEN2","structures\vegetation\crops"
"crossing_vines.tesf","C:\Projects\Hydraxia2","structures\flora\crossing_vines","FILE DIFFERENT","C:\Projects\ORIGEN2","structures\vegetation\vines"
"crossing_vines_segment.tesf","C:\Projects\Hydraxia2","structures\flora\crossing_vines","FILE DIFFERENT","C:\Projects\ORIGEN2","structures\vegetation\vines"
"lilac.tesf","C:\Projects\Hydraxia2","structures\flora\flowers","FILE DIFFERENT","C:\Projects\ORIGEN2","structures\vegetation\flowers"
"peony.tesf","C:\Projects\Hydraxia2","structures\flora\flowers","FILE DIFFERENT","C:\Projects\ORIGEN2","structures\vegetation\flowers"
"big_dripleaf.tesf","C:\Projects\Hydraxia2","structures\flora\lush\dripleaf","FILE MOVED","C:\Projects\ORIGEN2","structures\vegetation"
"small_dripleaf.tesf","C:\Projects\Hydraxia2","structures\flora\lush\dripleaf","FILE MOVED","C:\Projects\ORIGEN2","structures\vegetation"
"place_adjacent_sculk_veins.tesf","C:\Projects\Hydraxia2","structures\flora\sculk","FILE MOVED","C:\Projects\ORIGEN2","structures\vegetation\sculk"
"sculk_vein.tesf","C:\Projects\Hydraxia2","structures\flora\sculk","FILE DIFFERENT","C:\Projects\ORIGEN2","structures\vegetation\sculk"
"calcite_spike.tesf","C:\Projects\Hydraxia2","structures\landforms","EXACT MATCH","C:\Projects\ORIGEN2","structures\landforms"
"calcite_spike_small.tesf","C:\Projects\Hydraxia2","structures\landforms","EXACT MATCH","C:\Projects\ORIGEN2","structures\landforms"
"dripstone_spike.tesf","C:\Projects\Hydraxia2","structures\landforms","EXACT MATCH","C:\Projects\ORIGEN2","structures\landforms"
"iceberg.tesf","C:\Projects\Hydraxia2","structures\landforms","FILE DIFFERENT","C:\Projects\ORIGEN2","structures\geological\ice\icebergs"
"ice_protrude.tesf","C:\Projects\Hydraxia2","structures\landforms","EXACT MATCH","C:\Projects\ORIGEN2","structures\landforms"
"ice_protrude_ceiling.tesf","C:\Projects\Hydraxia2","structures\landforms","EXACT MATCH","C:\Projects\ORIGEN2","structures\landforms"
"slanted_calcite_spike.tesf","C:\Projects\Hydraxia2","structures\landforms","EXACT MATCH","C:\Projects\ORIGEN2","structures\landforms"
"stone_spike.tesf","C:\Projects\Hydraxia2","structures\landforms","FILE DIFFERENT","C:\Projects\ORIGEN2","structures\geological"
"andesite_wall_boulder.tesf","C:\Projects\Hydraxia2","structures\landforms\boulders","FILE DIFFERENT","C:\Projects\ORIGEN2","structures\geological\boulders"
"boulder.tesf","C:\Projects\Hydraxia2","structures\landforms\boulders","FILE DIFFERENT","C:\Projects\ORIGEN2","structures\geological\boulders"
"boulder_palette.tesf","C:\Projects\Hydraxia2","structures\landforms\boulders","FILE DIFFERENT","C:\Projects\ORIGEN2","structures\geological\boulders"
"boulder_textured.tesf","C:\Projects\Hydraxia2","structures\landforms\boulders","FILE DIFFERENT","C:\Projects\ORIGEN2","structures\geological\boulders"
"ice_boulder.tesf","C:\Projects\Hydraxia2","structures\landforms\boulders","EXACT MATCH","C:\Projects\ORIGEN2","structures\landforms\boulders"
"ice_boulder_palette.tesf","C:\Projects\Hydraxia2","structures\landforms\boulders","EXACT MATCH","C:\Projects\ORIGEN2","structures\landforms\boulders"
"small_boulder.tesf","C:\Projects\Hydraxia2","structures\landforms\boulders","FILE DIFFERENT","C:\Projects\ORIGEN2","structures\geological\boulders"
"small_boulder_textured.tesf","C:\Projects\Hydraxia2","structures\landforms\boulders","FILE DIFFERENT","C:\Projects\ORIGEN2","structures\geological\boulders"
"small_calcite_boulder.tesf","C:\Projects\Hydraxia2","structures\landforms\boulders","EXACT MATCH","C:\Projects\ORIGEN2","structures\landforms\boulders"
"small_granite_boulder.tesf","C:\Projects\Hydraxia2","structures\landforms\boulders","FILE DIFFERENT","C:\Projects\ORIGEN2","structures\geological\boulders"
"small_sandstone_boulder.tesf","C:\Projects\Hydraxia2","structures\landforms\boulders","FILE DIFFERENT","C:\Projects\ORIGEN2","structures\geological\boulders"
"stone_wall_boulder.tesf","C:\Projects\Hydraxia2","structures\landforms\boulders","FILE DIFFERENT","C:\Projects\ORIGEN2","structures\geological\boulders"
"glowstone_spike.tesf","C:\Projects\Hydraxia2","structures\landforms\caverns\arid","EXACT MATCH","C:\Projects\ORIGEN2","structures\landforms\caverns\arid"
"basalt_pillar.tesf","C:\Projects\Hydraxia2","structures\landforms\caverns\basalt","EXACT MATCH","C:\Projects\ORIGEN2","structures\landforms\caverns\basalt"
"amethyst_pillar.tesf","C:\Projects\Hydraxia2","structures\landforms\caverns\crystalline","EXACT MATCH","C:\Projects\ORIGEN2","structures\landforms\caverns\crystalline"
"floating_amethyst.tesf","C:\Projects\Hydraxia2","structures\landforms\caverns\crystalline","EXACT MATCH","C:\Projects\ORIGEN2","structures\landforms\caverns\crystalline"
"ceiling_pointed_dripstone.tesf","C:\Projects\Hydraxia2","structures\landforms\caverns\dripstone","EXACT MATCH","C:\Projects\ORIGEN2","structures\landforms\caverns\dripstone"
"dripstone_caves_boulder.tesf","C:\Projects\Hydraxia2","structures\landforms\caverns\dripstone","FILE DIFFERENT","C:\Projects\ORIGEN2","structures\geological\boulders"
"floor_pointed_dripstone.tesf","C:\Projects\Hydraxia2","structures\landforms\caverns\dripstone","EXACT MATCH","C:\Projects\ORIGEN2","structures\landforms\caverns\dripstone"
"large_ceiling_pointed_dripstone.tesf","C:\Projects\Hydraxia2","structures\landforms\caverns\dripstone","FILE DIFFERENT","C:\Projects\ORIGEN2","structures\geological\dripstone"
"ice_pillar.tesf","C:\Projects\Hydraxia2","structures\landforms\caverns\frosted","EXACT MATCH","C:\Projects\ORIGEN2","structures\landforms\caverns\frosted"
"mushroom_disks.tesf","C:\Projects\Hydraxia2","structures\landforms\caverns\fungal","EXACT MATCH","C:\Projects\ORIGEN2","structures\landforms\caverns\fungal"
"basalt_patches.tesf","C:\Projects\Hydraxia2","structures\landforms\caverns\magma","EXACT MATCH","C:\Projects\ORIGEN2","structures\landforms\caverns\magma"
"dripstone_cluster.tesf","C:\Projects\Hydraxia2","structures\landforms\dripstone_finder","EXACT MATCH","C:\Projects\ORIGEN2","structures\landforms\dripstone_finder"
"dripstone_finder.tesf","C:\Projects\Hydraxia2","structures\landforms\dripstone_finder","EXACT MATCH","C:\Projects\ORIGEN2","structures\landforms\dripstone_finder"
"stalactite.tesf","C:\Projects\Hydraxia2","structures\landforms\dripstone_finder","EXACT MATCH","C:\Projects\ORIGEN2","structures\landforms\dripstone_finder"
"stalagmite.tesf","C:\Projects\Hydraxia2","structures\landforms\dripstone_finder","EXACT MATCH","C:\Projects\ORIGEN2","structures\landforms\dripstone_finder"
"ice_spike.tesf","C:\Projects\Hydraxia2","structures\landforms\ice_spikes","FILE DIFFERENT","C:\Projects\ORIGEN2","structures\geological\ice"
"ice_spike_huge.tesf","C:\Projects\Hydraxia2","structures\landforms\ice_spikes","EXACT MATCH","C:\Projects\ORIGEN2","structures\landforms\ice_spikes"
"ice_spike_small.tesf","C:\Projects\Hydraxia2","structures\landforms\ice_spikes","EXACT MATCH","C:\Projects\ORIGEN2","structures\landforms\ice_spikes"
"ice_spike_small_ceiling.tesf","C:\Projects\Hydraxia2","structures\landforms\ice_spikes","EXACT MATCH","C:\Projects\ORIGEN2","structures\landforms\ice_spikes"
"abstract_deep_deposit.yml","C:\Projects\Hydraxia2","structures\ores\deposits","FILE DIFFERENT","C:\Projects\ORIGEN2","structures\geological\deposits"
"abstract_deposit.yml","C:\Projects\Hydraxia2","structures\ores\deposits","FILE DIFFERENT","C:\Projects\ORIGEN2","structures\geological\deposits"
"andesite_deposit.yml","C:\Projects\Hydraxia2","structures\ores\deposits\deposits","FILE DIFFERENT","C:\Projects\ORIGEN2","structures\geological\deposits"
"basalt_deposit.yml","C:\Projects\Hydraxia2","structures\ores\deposits\deposits","EXACT MATCH","C:\Projects\ORIGEN2","structures\ores\deposits\deposits"
"clay_deposit.yml","C:\Projects\Hydraxia2","structures\ores\deposits\deposits","FILE MOVED","C:\Projects\ORIGEN2","structures\geological\deposits"
"cobblestone_deposit.yml","C:\Projects\Hydraxia2","structures\ores\deposits\deposits","EXACT MATCH","C:\Projects\ORIGEN2","structures\ores\deposits\deposits"
"diorite_deposit.yml","C:\Projects\Hydraxia2","structures\ores\deposits\deposits","FILE DIFFERENT","C:\Projects\ORIGEN2","structures\geological\deposits"
"dirt_deposit.yml","C:\Projects\Hydraxia2","structures\ores\deposits\deposits","FILE DIFFERENT","C:\Projects\ORIGEN2","structures\geological\deposits"
"granite_deposit.yml","C:\Projects\Hydraxia2","structures\ores\deposits\deposits","FILE DIFFERENT","C:\Projects\ORIGEN2","structures\geological\deposits"
"gravel_deposit.yml","C:\Projects\Hydraxia2","structures\ores\deposits\deposits","FILE DIFFERENT","C:\Projects\ORIGEN2","structures\geological\deposits"
"mossy_cobblestone_deposit.yml","C:\Projects\Hydraxia2","structures\ores\deposits\deposits","EXACT MATCH","C:\Projects\ORIGEN2","structures\ores\deposits\deposits"
"mud_deposit.yml","C:\Projects\Hydraxia2","structures\ores\deposits\deposits","EXACT MATCH","C:\Projects\ORIGEN2","structures\ores\deposits\deposits"
"red_sand_deposit.yml","C:\Projects\Hydraxia2","structures\ores\deposits\deposits","EXACT MATCH","C:\Projects\ORIGEN2","structures\ores\deposits\deposits"
"sand_deposit.yml","C:\Projects\Hydraxia2","structures\ores\deposits\deposits","EXACT MATCH","C:\Projects\ORIGEN2","structures\ores\deposits\deposits"
"tuff_deposit.yml","C:\Projects\Hydraxia2","structures\ores\deposits\deposits","FILE DIFFERENT","C:\Projects\ORIGEN2","structures\geological\deposits"
"blue_ice_deposit.yml","C:\Projects\Hydraxia2","structures\ores\deposits\deposits\cold","FILE DIFFERENT","C:\Projects\ORIGEN2","structures\geological\deposits"
"powder_snow_deposit.yml","C:\Projects\Hydraxia2","structures\ores\deposits\deposits\cold","FILE MOVED","C:\Projects\ORIGEN2","structures\geological\deposits"
"amethyst_geode.tesf","C:\Projects\Hydraxia2","structures\ores\misc","FILE DIFFERENT","C:\Projects\ORIGEN2","structures\geological\amethyst-geode"
"place_crystals.tesf","C:\Projects\Hydraxia2","structures\ores\misc","FILE DIFFERENT","C:\Projects\ORIGEN2","structures\geological\amethyst-geode"
"abstract_ore.yml","C:\Projects\Hydraxia2","structures\ores\ores","FILE MOVED","C:\Projects\ORIGEN2","structures\geological\ores"
"copper_ore_large.yml","C:\Projects\Hydraxia2","structures\ores\ores\ores","FILE DIFFERENT","C:\Projects\ORIGEN2","structures\geological\ores"
"diamond_ore_large.yml","C:\Projects\Hydraxia2","structures\ores\ores\ores","FILE DIFFERENT","C:\Projects\ORIGEN2","structures\geological\ores"
"diamond_ore_small.yml","C:\Projects\Hydraxia2","structures\ores\ores\ores","FILE DIFFERENT","C:\Projects\ORIGEN2","structures\geological\ores"
"blank.tesf","C:\Projects\Hydraxia2","structures\technical_crap","FILE DIFFERENT","C:\Projects\ORIGEN2","structures\misc"
"is_dark_oak_replaceable.tesf","C:\Projects\Hydraxia2","structures\technical_crap\block_check","FILE MOVED","C:\Projects\ORIGEN2","structures\vegetation\trees\dark-oak"
"is_dripstone_column_replaceable.tesf","C:\Projects\Hydraxia2","structures\technical_crap\block_check","FILE MOVED","C:\Projects\ORIGEN2","structures\geological\dripstone"
"is_great_azalea_plantable.tesf","C:\Projects\Hydraxia2","structures\technical_crap\block_check","FILE DIFFERENT","C:\Projects\ORIGEN2","structures\vegetation\trees\azalea"
"is_leaf.tesf","C:\Projects\Hydraxia2","structures\technical_crap\block_check","FILE MOVED","C:\Projects\ORIGEN2","structures\vegetation"
"is_log.tesf","C:\Projects\Hydraxia2","structures\technical_crap\block_check","FILE MOVED","C:\Projects\ORIGEN2","structures\vegetation"
"is_rock.tesf","C:\Projects\Hydraxia2","structures\technical_crap\block_check","FILE DIFFERENT","C:\Projects\ORIGEN2","structures\geological"
"is_sculk_plantable.tesf","C:\Projects\Hydraxia2","structures\technical_crap\block_check","FILE MOVED","C:\Projects\ORIGEN2","structures\vegetation\sculk"
"plantable.tesf","C:\Projects\Hydraxia2","structures\technical_crap\block_check","FILE DIFFERENT","C:\Projects\ORIGEN2","structures\vegetation"
"autumnal_tree.tesf","C:\Projects\Hydraxia2","structures\trees","EXACT MATCH","C:\Projects\ORIGEN2","structures\trees"
"azalea_tree.tesf","C:\Projects\Hydraxia2","structures\trees","EXACT MATCH","C:\Projects\ORIGEN2","structures\trees"
"birch_tree.tesf","C:\Projects\Hydraxia2","structures\trees","EXACT MATCH","C:\Projects\ORIGEN2","structures\trees"
"caldera_dead_tree.tesf","C:\Projects\Hydraxia2","structures\trees","EXACT MATCH","C:\Projects\ORIGEN2","structures\trees"
"dark_oak_tree.tesf","C:\Projects\Hydraxia2","structures\trees","EXACT MATCH","C:\Projects\ORIGEN2","structures\trees"
"dead_swamp_tree.tesf","C:\Projects\Hydraxia2","structures\trees","EXACT MATCH","C:\Projects\ORIGEN2","structures\trees"
"dead_tree.tesf","C:\Projects\Hydraxia2","structures\trees","EXACT MATCH","C:\Projects\ORIGEN2","structures\trees"
"dead_tree_large.tesf","C:\Projects\Hydraxia2","structures\trees","EXACT MATCH","C:\Projects\ORIGEN2","structures\trees"
"enchanted_tree.tesf","C:\Projects\Hydraxia2","structures\trees","EXACT MATCH","C:\Projects\ORIGEN2","structures\trees"
"fir_tree.tesf","C:\Projects\Hydraxia2","structures\trees","EXACT MATCH","C:\Projects\ORIGEN2","structures\trees"
"ice_tree.tesf","C:\Projects\Hydraxia2","structures\trees","EXACT MATCH","C:\Projects\ORIGEN2","structures\trees"
"jungle_tree.tesf","C:\Projects\Hydraxia2","structures\trees","EXACT MATCH","C:\Projects\ORIGEN2","structures\trees"
"large_autumnal_tree.tesf","C:\Projects\Hydraxia2","structures\trees","EXACT MATCH","C:\Projects\ORIGEN2","structures\trees"
"large_azalea_tree.tesf","C:\Projects\Hydraxia2","structures\trees","EXACT MATCH","C:\Projects\ORIGEN2","structures\trees"
"large_birch_tree.tesf","C:\Projects\Hydraxia2","structures\trees","EXACT MATCH","C:\Projects\ORIGEN2","structures\trees"
"large_dark_oak_tree.tesf","C:\Projects\Hydraxia2","structures\trees","EXACT MATCH","C:\Projects\ORIGEN2","structures\trees"
"large_oak_tree.tesf","C:\Projects\Hydraxia2","structures\trees","FILE DIFFERENT","C:\Projects\ORIGEN2","structures\rearth"
"large_oak_tree_2.tesf","C:\Projects\Hydraxia2","structures\trees","EXACT MATCH","C:\Projects\ORIGEN2","structures\trees"
"large_spruce_tree.tesf","C:\Projects\Hydraxia2","structures\trees","FILE DIFFERENT","C:\Projects\ORIGEN2","structures\rearth"
"lavender_tree.tesf","C:\Projects\Hydraxia2","structures\trees","EXACT MATCH","C:\Projects\ORIGEN2","structures\trees"
"oak_tree.tesf","C:\Projects\Hydraxia2","structures\trees","EXACT MATCH","C:\Projects\ORIGEN2","structures\trees"
"redwood_tree.tesf","C:\Projects\Hydraxia2","structures\trees","EXACT MATCH","C:\Projects\ORIGEN2","structures\trees"
"spruce_tree.tesf","C:\Projects\Hydraxia2","structures\trees","EXACT MATCH","C:\Projects\ORIGEN2","structures\trees"
"sugar_pine_tree.tesf","C:\Projects\Hydraxia2","structures\trees","EXACT MATCH","C:\Projects\ORIGEN2","structures\trees"
"swamp_tree.tesf","C:\Projects\Hydraxia2","structures\trees","EXACT MATCH","C:\Projects\ORIGEN2","structures\trees"
"thin_autumnal_tree.tesf","C:\Projects\Hydraxia2","structures\trees","EXACT MATCH","C:\Projects\ORIGEN2","structures\trees"
"bamboo.tesf","C:\Projects\Hydraxia2","structures\trees\bamboo","FILE DIFFERENT","C:\Projects\ORIGEN2","structures\vegetation"
"bamboo_caverns.tesf","C:\Projects\Hydraxia2","structures\trees\bamboo","EXACT MATCH","C:\Projects\ORIGEN2","structures\trees\bamboo"
"huge_mushrooms.tesf","C:\Projects\Hydraxia2","structures\trees\caverns\fungal","EXACT MATCH","C:\Projects\ORIGEN2","structures\trees\caverns\fungal"
"brown_mushroom_disk.tesf","C:\Projects\Hydraxia2","structures\trees\caverns\fungal\huge_mushroom_deco","FILE DIFFERENT","C:\Projects\ORIGEN2","structures\vegetation\mushrooms"
"red_mushroom_disk.tesf","C:\Projects\Hydraxia2","structures\trees\caverns\fungal\huge_mushroom_deco","FILE DIFFERENT","C:\Projects\ORIGEN2","structures\vegetation\mushrooms"
"lavender_tree_caverns.tesf","C:\Projects\Hydraxia2","structures\trees\caverns\lavender","EXACT MATCH","C:\Projects\ORIGEN2","structures\trees\caverns\lavender"
"great_azalea_tree.tesf","C:\Projects\Hydraxia2","structures\trees\caverns\lush\great_azalea_tree","FILE DIFFERENT","C:\Projects\ORIGEN2","structures\vegetation\trees\azalea"
"great_azalea_tree_tunnel.tesf","C:\Projects\Hydraxia2","structures\trees\caverns\lush\great_azalea_tree","FILE DIFFERENT","C:\Projects\ORIGEN2","structures\vegetation\trees\azalea"
"place_great_azalea_tree_underground.tesf","C:\Projects\Hydraxia2","structures\trees\caverns\lush\great_azalea_tree","FILE DIFFERENT","C:\Projects\ORIGEN2","structures\vegetation\trees\azalea"
"acacia_tree_caverns.tesf","C:\Projects\Hydraxia2","structures\trees\caverns\underground_woodlands","EXACT MATCH","C:\Projects\ORIGEN2","structures\trees\caverns\underground_woodlands"
"autumnal_tree_caverns.tesf","C:\Projects\Hydraxia2","structures\trees\caverns\underground_woodlands","EXACT MATCH","C:\Projects\ORIGEN2","structures\trees\caverns\underground_woodlands"
"birch_tree_caverns.tesf","C:\Projects\Hydraxia2","structures\trees\caverns\underground_woodlands","EXACT MATCH","C:\Projects\ORIGEN2","structures\trees\caverns\underground_woodlands"
"dark_oak_tree_caverns.tesf","C:\Projects\Hydraxia2","structures\trees\caverns\underground_woodlands","EXACT MATCH","C:\Projects\ORIGEN2","structures\trees\caverns\underground_woodlands"
"enchanted_tree_caverns.tesf","C:\Projects\Hydraxia2","structures\trees\caverns\underground_woodlands","EXACT MATCH","C:\Projects\ORIGEN2","structures\trees\caverns\underground_woodlands"
"jungle_tree_caverns.tesf","C:\Projects\Hydraxia2","structures\trees\caverns\underground_woodlands","EXACT MATCH","C:\Projects\ORIGEN2","structures\trees\caverns\underground_woodlands"
"mangrove_tree_caverns.tesf","C:\Projects\Hydraxia2","structures\trees\caverns\underground_woodlands","EXACT MATCH","C:\Projects\ORIGEN2","structures\trees\caverns\underground_woodlands"
"oak_tree_caverns.tesf","C:\Projects\Hydraxia2","structures\trees\caverns\underground_woodlands","EXACT MATCH","C:\Projects\ORIGEN2","structures\trees\caverns\underground_woodlands"
"spruce_tree_caverns.tesf","C:\Projects\Hydraxia2","structures\trees\caverns\underground_woodlands","EXACT MATCH","C:\Projects\ORIGEN2","structures\trees\caverns\underground_woodlands"
"azalea_leaves_clump.tesf","C:\Projects\Hydraxia2","structures\trees\tree_deco","FILE DIFFERENT","C:\Projects\ORIGEN2","structures\vegetation\trees\azalea"
"bee_nest.tesf","C:\Projects\Hydraxia2","structures\trees\tree_deco","FILE DIFFERENT","C:\Projects\ORIGEN2","structures\misc\bee-nest"
"dark_oak_leaves_clump.tesf","C:\Projects\Hydraxia2","structures\trees\tree_deco","FILE DIFFERENT","C:\Projects\ORIGEN2","structures\vegetation\trees\dark-oak"
"fir_leaves.tesf","C:\Projects\Hydraxia2","structures\trees\tree_deco","EXACT MATCH","C:\Projects\ORIGEN2","structures\trees\tree_deco"
"mangrove_leaves_clump.tesf","C:\Projects\Hydraxia2","structures\trees\tree_deco","FILE MOVED","C:\Projects\ORIGEN2","structures\vegetation\trees\mangrove"
"oak_leaves_clump.tesf","C:\Projects\Hydraxia2","structures\trees\tree_deco","FILE DIFFERENT","C:\Projects\ORIGEN2","structures\vegetation\trees\oak"
"place_trunk_vines.tesf","C:\Projects\Hydraxia2","structures\trees\tree_deco","FILE DIFFERENT","C:\Projects\ORIGEN2","structures\vegetation\vines"
"place_vines.tesf","C:\Projects\Hydraxia2","structures\trees\tree_deco","FILE DIFFERENT","C:\Projects\ORIGEN2","structures\vegetation\vines"
"propagule.tesf","C:\Projects\Hydraxia2","structures\trees\tree_deco","FILE MOVED","C:\Projects\ORIGEN2","structures\vegetation\trees\mangrove"
"spore_blossom.tesf","C:\Projects\Hydraxia2","structures\trees\tree_deco","FILE DIFFERENT","C:\Projects\ORIGEN2","structures\vegetation"
"lava_column.tesf","C:\Projects\Hydraxia2","structures\world_features\caverns","FILE DIFFERENT","C:\Projects\ORIGEN2","structures\geological"
"amethyst_cluster_strips.tesf","C:\Projects\Hydraxia2","structures\world_features\caverns\crystalline","EXACT MATCH","C:\Projects\ORIGEN2","structures\world_features\caverns\crystalline"
"dripstone_column.tesf","C:\Projects\Hydraxia2","structures\world_features\caverns\dripstone","FILE DIFFERENT","C:\Projects\ORIGEN2","structures\geological\dripstone"
"magma_cave_lava_pillar.tesf","C:\Projects\Hydraxia2","structures\world_features\caverns\magma","EXACT MATCH","C:\Projects\ORIGEN2","structures\world_features\caverns\magma"
"stone_slabs.tesf","C:\Projects\Hydraxia2","structures\world_features\slabs","FILE MOVED","C:\Projects\ORIGEN2","structures\geological\slabs"
"snow_layers.tesf","C:\Projects\Hydraxia2","structures\world_features\snow","FILE DIFFERENT","C:\Projects\ORIGEN2","structures\geological\slabs"
"snow_layers_iceberg.tesf","C:\Projects\Hydraxia2","structures\world_features\snow","EXACT MATCH","C:\Projects\ORIGEN2","structures\world_features\snow"
"snow_layers_single.tesf","C:\Projects\Hydraxia2","structures\world_features\snow","EXACT MATCH","C:\Projects\ORIGEN2","structures\world_features\snow"
