"Category","FileName","State","SourceRelativePath","TargetRelativePath"
"biomes","base.yml","FILE DIFFERENT","base.yml","abstract\base.yml"
"biomes","arctic_mesa.yml","FILE MISSING","biomes\arctic_mesa.yml",""
"biomes","bitter_heights.yml","FILE MISSING","biomes\bitter_heights.yml",""
"biomes","andesite_caverns.yml","FILE MISSING","biomes\caverns\andesite_caverns.yml",""
"biomes","arid_caverns.yml","FILE MISSING","biomes\caverns\arid_caverns.yml",""
"biomes","barren_caverns.yml","FILE MISSING","biomes\caverns\barren_caverns.yml",""
"biomes","basalt_caverns.yml","FILE MISSING","biomes\caverns\basalt_caverns.yml",""
"biomes","blackstone_caverns.yml","FILE MISSING","biomes\caverns\blackstone_caverns.yml",""
"biomes","calcite_caverns.yml","FILE MISSING","biomes\caverns\calcite_caverns.yml",""
"biomes","crumbling_caverns.yml","FILE MISSING","biomes\caverns\crumbling_caverns.yml",""
"biomes","crystalline_caverns.yml","FILE MISSING","biomes\caverns\crystalline_caverns.yml",""
"biomes","diorite_caverns.yml","FILE MISSING","biomes\caverns\diorite_caverns.yml",""
"biomes","dripstone_caverns.yml","FILE MISSING","biomes\caverns\dripstone_caverns.yml",""
"biomes","frosted_caverns.yml","FILE MISSING","biomes\caverns\frosted_caverns.yml",""
"biomes","fungal_caverns.yml","FILE MISSING","biomes\caverns\fungal_caverns.yml",""
"biomes","granite_caverns.yml","FILE MISSING","biomes\caverns\granite_caverns.yml",""
"biomes","lavender_caverns.yml","FILE MISSING","biomes\caverns\lavender_caverns.yml",""
"biomes","lush_caverns.yml","FILE MISSING","biomes\caverns\lush_caverns.yml",""
"biomes","magma_caverns.yml","FILE MISSING","biomes\caverns\magma_caverns.yml",""
"biomes","sculk_caverns.yml","FILE MISSING","biomes\caverns\sculk_caverns.yml",""
"biomes","stone_caverns.yml","FILE MISSING","biomes\caverns\stone_caverns.yml",""
"biomes","acacia_caverns.yml","FILE MISSING","biomes\caverns\underground_woodlands\acacia_caverns.yml",""
"biomes","autumnal_caverns.yml","FILE MISSING","biomes\caverns\underground_woodlands\autumnal_caverns.yml",""
"biomes","birch_caverns.yml","FILE MISSING","biomes\caverns\underground_woodlands\birch_caverns.yml",""
"biomes","dark_oak_caverns.yml","FILE MISSING","biomes\caverns\underground_woodlands\dark_oak_caverns.yml",""
"biomes","enchanted_caverns.yml","FILE MISSING","biomes\caverns\underground_woodlands\enchanted_caverns.yml",""
"biomes","jungle_caverns.yml","FILE MISSING","biomes\caverns\underground_woodlands\jungle_caverns.yml",""
"biomes","mangrove_caverns.yml","FILE MISSING","biomes\caverns\underground_woodlands\mangrove_caverns.yml",""
"biomes","maple_caverns.yml","FILE MISSING","biomes\caverns\underground_woodlands\maple_caverns.yml",""
"biomes","oak_caverns.yml","FILE MISSING","biomes\caverns\underground_woodlands\oak_caverns.yml",""
"biomes","sakura_caverns.yml","FILE MISSING","biomes\caverns\underground_woodlands\sakura_caverns.yml",""
"biomes","spruce_caverns.yml","FILE MISSING","biomes\caverns\underground_woodlands\spruce_caverns.yml",""
"biomes","dripstone_barrens.yml","FILE MISSING","biomes\dripstone_barrens.yml",""
"biomes","fir_highlands.yml","FILE MISSING","biomes\fir_highlands.yml",""
"biomes","frigid_wastelands.yml","FILE MISSING","biomes\frigid_wastelands.yml",""
"biomes","frostbound_chasms.yml","FILE MISSING","biomes\frostbound_chasms.yml",""
"biomes","frostcoated_bog.yml","FILE MISSING","biomes\frostcoated_bog.yml",""
"biomes","frozen_spires.yml","FILE MISSING","biomes\frozen_spires.yml",""
"biomes","glacial_overhangs.yml","FILE MISSING","biomes\glacial_overhangs.yml",""
"biomes","icebound_jungle.yml","FILE MISSING","biomes\icebound_jungle.yml",""
"biomes","lavender_crags.yml","FILE MISSING","biomes\lavender_crags.yml",""
"biomes","lavender_fields.yml","FILE MISSING","biomes\lavender_fields.yml",""
"biomes","muskeg.yml","FILE MISSING","biomes\muskeg.yml",""
"biomes","permafrost_cliffs.yml","FILE MISSING","biomes\permafrost_cliffs.yml",""
"biomes","sculk_swamp.yml","FILE MISSING","biomes\sculk_swamp.yml",""
"biomes","searing_tors.yml","FILE MISSING","biomes\searing_tors.yml",""
"biomes","snowswept_meadows.yml","FILE MISSING","biomes\snowswept_meadows.yml",""
"biomes","tundra.yml","FILE DIFFERENT","biomes\tundra.yml","abstract\placeholders\tundra.yml;land\cold\polar\tundra\plain\tundra.yml;land\polar\tundra\plain\tundra.yml"
"biomes","chilly_creeks.yml","FILE MISSING","biomes\water\chilly_creeks.yml",""
"biomes","drafty_streams.yml","FILE MISSING","biomes\water\drafty_streams.yml",""
"biomes","frostbite_rivers.yml","FILE MISSING","biomes\water\frostbite_rivers.yml",""
"biomes","snowdrift_coasts.yml","FILE MISSING","biomes\water\snowdrift_coasts.yml",""
"biomes","wintry_seas.yml","FILE MISSING","biomes\water\wintry_seas.yml",""
"biomes","wintry_waters.yml","FILE MISSING","biomes\water\wintry_waters.yml",""
"biomes","autumnal_woodlands.yml","FILE MISSING","biomes\woodlands\autumnal_woodlands.yml",""
"biomes","birch_woodlands.yml","FILE MISSING","biomes\woodlands\birch_woodlands.yml",""
"biomes","dark_oak_woodlands.yml","FILE MISSING","biomes\woodlands\dark_oak_woodlands.yml",""
"biomes","enchanted_woodlands.yml","FILE MISSING","biomes\woodlands\enchanted_woodlands.yml",""
"biomes","maple_woodlands.yml","FILE MISSING","biomes\woodlands\maple_woodlands.yml",""
"biomes","oak_woodlands.yml","FILE MISSING","biomes\woodlands\oak_woodlands.yml",""
"biomes","redwood_woodlands.yml","FILE MISSING","biomes\woodlands\redwood_woodlands.yml",""
"biomes","sakura_woodlands.yml","FILE MISSING","biomes\woodlands\sakura_woodlands.yml",""
"biomes","spruce_woodlands.yml","FILE MISSING","biomes\woodlands\spruce_woodlands.yml",""
"biomes","sugar_pine_woodlands.yml","FILE MISSING","biomes\woodlands\sugar_pine_woodlands.yml",""
"biomes","eq_boreal_peaks.yml","FILE MISSING","equations\biome_specific\eq_boreal_peaks.yml",""
"biomes","eq_chasms.yml","FILE MISSING","equations\biome_specific\eq_chasms.yml",""
"biomes","eq_glacial_overhangs.yml","FILE MISSING","equations\biome_specific\eq_glacial_overhangs.yml",""
"biomes","eq_snowdrift_coasts.yml","FILE MISSING","equations\biome_specific\eq_snowdrift_coasts.yml",""
"biomes","eq_river.yml","FILE MISSING","equations\biome_specific\rivers\eq_river.yml",""
"biomes","eq_terraced_mountain_river.yml","FILE MISSING","equations\biome_specific\rivers\eq_terraced_mountain_river.yml",""
"biomes","eq_carving_land.yml","FILE MISSING","equations\caverns\eq_carving_land.yml",""
"biomes","eq_carving_ocean.yml","FILE MISSING","equations\caverns\eq_carving_ocean.yml",""
"biomes","eq_cave_biome.yml","FILE MISSING","equations\caverns\eq_cave_biome.yml",""
"biomes","eq_alpha_mountains.yml","FILE MISSING","equations\eq_alpha_mountains.yml",""
"biomes","eq_bog.yml","FILE MISSING","equations\eq_bog.yml",""
"biomes","eq_hills.yml","FILE DIFFERENT","equations\eq_hills.yml","abstract\terrain\land\legacy\eq_hills.yml"
"biomes","eq_mountains.yml","FILE DIFFERENT","equations\eq_mountains.yml","abstract\terrain\land\legacy\eq_mountains.yml"
"biomes","eq_ocean_deep.yml","FILE MISSING","equations\eq_ocean_deep.yml",""
"biomes","eq_ocean_shallow.yml","FILE MISSING","equations\eq_ocean_shallow.yml",""
"biomes","eq_plains.yml","FILE MISSING","equations\eq_plains.yml",""
"biomes","eq_river.yml","FILE MISSING","equations\eq_river.yml",""
"biomes","eq_small_mountains.yml","FILE MISSING","equations\eq_small_mountains.yml",""
"biomes","eq_swamp.yml","FILE DIFFERENT","equations\eq_swamp.yml","abstract\terrain\land\legacy\eq_swamp.yml"
"biomes","eq_terraced_mountains.yml","FILE MISSING","equations\eq_terraced_mountains.yml",""
"biomes","deposits_generic.yml","FILE MISSING","ores\deposits_generic.yml",""
"biomes","ores_generic.yml","FILE MISSING","ores\ores_generic.yml",""
"biomes","deposits_river.yml","FILE MISSING","ores\special\deposits_river.yml",""
"biomes","ores_coal.yml","FILE DIFFERENT","ores\special\ores_coal.yml","abstract\features\ores\ores_coal.yml"
"biomes","ores_diamond.yml","FILE MISSING","ores\special\ores_diamond.yml",""
"biomes","ores_emerald.yml","FILE DIFFERENT","ores\special\ores_emerald.yml","abstract\features\ores\ores_emerald.yml"
"biomes","ores_geode.yml","FILE MISSING","ores\special\ores_geode.yml",""
"biomes","ores_gold.yml","FILE DIFFERENT","ores\special\ores_gold.yml","abstract\features\ores\ores_gold.yml"
"biomes","ores_mountains.yml","FILE MISSING","ores\special\ores_mountains.yml",""
"biomes","ores_redstone.yml","FILE MISSING","ores\special\ores_redstone.yml",""
"features","allays.yml","FILE MISSING","entities\allays.yml",""
"features","bats.yml","FILE MISSING","entities\bats.yml",""
"features","blazes.yml","FILE MISSING","entities\blazes.yml",""
"features","common_mobs.yml","FILE MISSING","entities\common_mobs.yml",""
"features","dolphins.yml","FILE MISSING","entities\dolphins.yml",""
"features","frogs.yml","FILE MISSING","entities\frogs.yml",""
"features","goats.yml","FILE MISSING","entities\goats.yml",""
"features","horses.yml","FILE MISSING","entities\horses.yml",""
"features","ocelots.yml","FILE MISSING","entities\ocelots.yml",""
"features","pandas.yml","FILE MISSING","entities\pandas.yml",""
"features","parrots.yml","FILE MISSING","entities\parrots.yml",""
"features","polar_bears.yml","FILE MISSING","entities\polar_bears.yml",""
"features","slimes.yml","FILE MISSING","entities\slimes.yml",""
"features","turtles.yml","FILE MISSING","entities\turtles.yml",""
"features","kelp.yml","FILE DIFFERENT","flora\aquatic\kelp.yml","vegetation\underwater\kelp.yml"
"features","lily_pads.yml","FILE DIFFERENT","flora\aquatic\lily_pads.yml","vegetation\lily_pads.yml"
"features","sea_pickles.yml","FILE DIFFERENT","flora\aquatic\sea_pickles.yml","vegetation\coral\sea_pickles.yml;vegetation\underwater\sea_pickles.yml"
"features","seagrass.yml","FILE DIFFERENT","flora\aquatic\seagrass.yml","vegetation\underwater\seagrass.yml"
"features","acacia_bushes.yml","FILE MISSING","flora\bushes\acacia_bushes.yml",""
"features","autumnal_bushes.yml","FILE MISSING","flora\bushes\autumnal_bushes.yml",""
"features","azalea_bushes.yml","FILE MISSING","flora\bushes\azalea_bushes.yml",""
"features","birch_bushes.yml","FILE MISSING","flora\bushes\birch_bushes.yml",""
"features","dark_oak_bushes.yml","FILE MISSING","flora\bushes\dark_oak_bushes.yml",""
"features","oak_bushes.yml","FILE DIFFERENT","flora\bushes\oak_bushes.yml","vegetation\bushes\oak_bushes.yml"
"features","spruce_bushes.yml","FILE DIFFERENT","flora\bushes\spruce_bushes.yml","vegetation\bushes\spruce_bushes.yml"
"features","arid_leaf_bushes.yml","FILE MISSING","flora\caverns\arid\arid_leaf_bushes.yml",""
"features","cacti_arid.yml","FILE MISSING","flora\caverns\arid\cacti_arid.yml",""
"features","dead_bushes_arid.yml","FILE MISSING","flora\caverns\arid\dead_bushes_arid.yml",""
"features","barren_leaf_bushes.yml","FILE MISSING","flora\caverns\barren\barren_leaf_bushes.yml",""
"features","cacti_barren.yml","FILE MISSING","flora\caverns\barren\cacti_barren.yml",""
"features","dead_bushes_barren.yml","FILE MISSING","flora\caverns\barren\dead_bushes_barren.yml",""
"features","amethyst_clusters_calcite.yml","FILE MISSING","flora\caverns\calcite\amethyst_clusters_calcite.yml",""
"features","cave_glow_lichen.yml","FILE DIFFERENT","flora\caverns\cave_glow_lichen.yml","vegetation\cave_glow_lichen.yml"
"features","dead_bushes_crumbling.yml","FILE MISSING","flora\caverns\crumbling\dead_bushes_crumbling.yml",""
"features","amethyst_clusters.yml","FILE MISSING","flora\caverns\crystalline\amethyst_clusters.yml",""
"features","cavern_mushrooms.yml","FILE MISSING","flora\caverns\fungal\cavern_mushrooms.yml",""
"features","shroomlight_ceiling_patches.yml","FILE MISSING","flora\caverns\fungal\shroomlight_ceiling_patches.yml",""
"features","azalea_block.yml","FILE DIFFERENT","flora\caverns\lush\azalea_block.yml","vegetation\bushes\azalea_block.yml"
"features","big_dripleaf_caves.yml","FILE DIFFERENT","flora\caverns\lush\big_dripleaf_caves.yml","vegetation\dripleaf\big_dripleaf_caves.yml"
"features","cave_glow_berries.yml","FILE DIFFERENT","flora\caverns\lush\cave_glow_berries.yml","vegetation\vines\cave_glow_berries.yml"
"features","cave_spore_blossoms.yml","FILE DIFFERENT","flora\caverns\lush\cave_spore_blossoms.yml","vegetation\cave_spore_blossoms.yml"
"features","flowering_azalea_block.yml","FILE DIFFERENT","flora\caverns\lush\flowering_azalea_block.yml","vegetation\bushes\flowering_azalea_block.yml"
"features","grass_caves.yml","FILE DIFFERENT","flora\caverns\lush\grass_caves.yml","vegetation\grass\grass_caves.yml"
"features","small_dripleaf_caves.yml","FILE DIFFERENT","flora\caverns\lush\small_dripleaf_caves.yml","vegetation\dripleaf\small_dripleaf_caves.yml"
"features","berry_bush_patches.yml","FILE MISSING","flora\crops\berry_bush_patches.yml",""
"features","melon_patches.yml","FILE DIFFERENT","flora\crops\melon_patches.yml","vegetation\bushes\melon_patches.yml"
"features","pumpkin_patches.yml","FILE DIFFERENT","flora\crops\pumpkin_patches.yml","vegetation\crops\pumpkin_patches.yml"
"features","crossing_vines_underground.yml","FILE MISSING","flora\crossing_vines_underground.yml",""
"features","crossing_vines.yml","FILE DIFFERENT","flora\crossing_vines.yml","vegetation\vines\crossing_vines.yml"
"features","dead_bushes.yml","FILE DIFFERENT","flora\dead_bushes.yml","vegetation\dead_bushes.yml"
"features","ferns.yml","FILE DIFFERENT","flora\ferns.yml","vegetation\ferns\ferns.yml"
"features","blue_orchid_patch.yml","FILE DIFFERENT","flora\flowers\blue_orchid_patch.yml","vegetation\flowers\blue_orchid_patch.yml"
"features","dandelion_patch.yml","FILE DIFFERENT","flora\flowers\dandelion_patch.yml","vegetation\flowers\dandelion_patch.yml"
"features","lavender_flowers.yml","FILE MISSING","flora\flowers\lavender_flowers.yml",""
"features","poppy_patch.yml","FILE DIFFERENT","flora\flowers\poppy_patch.yml","vegetation\flowers\poppy_patch.yml"
"features","grass.yml","FILE DIFFERENT","flora\grass.yml","vegetation\grass\grass.yml"
"features","large_leaf_vines_underground.yml","FILE DIFFERENT","flora\large_leaf_vines_underground.yml","vegetation\vines\large_leaf_vines_underground.yml"
"features","large_leaf_vines.yml","FILE DIFFERENT","flora\large_leaf_vines.yml","vegetation\vines\large_leaf_vines.yml"
"features","big_dripleaf.yml","FILE DIFFERENT","flora\lush\dripleaf\big_dripleaf.yml","vegetation\dripleaf\big_dripleaf.yml"
"features","small_dripleaf.yml","FILE DIFFERENT","flora\lush\dripleaf\small_dripleaf.yml","vegetation\dripleaf\small_dripleaf.yml"
"features","moss_carpet.yml","FILE DIFFERENT","flora\lush\moss_carpet.yml","vegetation\moss_carpet.yml"
"features","mushrooms.yml","FILE MISSING","flora\mushrooms.yml",""
"features","oak_shrubs.yml","FILE MISSING","flora\oak_shrubs.yml",""
"features","sculk_flora.yml","FILE DIFFERENT","flora\sculk\sculk_flora.yml","vegetation\sculk\sculk_flora.yml"
"features","sculk_patches.yml","FILE DIFFERENT","flora\sculk\sculk_patches.yml","vegetation\sculk\sculk_patches.yml"
"features","sculk_tendrils.yml","FILE MISSING","flora\sculk\sculk_tendrils.yml",""
"features","sculk_veins.yml","FILE MISSING","flora\sculk\sculk_veins.yml",""
"features","sparse_grass.yml","FILE MISSING","flora\sparse_grass.yml",""
"features","sugar_cane.yml","FILE DIFFERENT","flora\sugar_cane.yml","vegetation\sugar_cane.yml"
"features","tall_grass.yml","FILE DIFFERENT","flora\tall_grass.yml","vegetation\grass\tall_grass.yml"
"features","barrens_dripstone.yml","FILE MISSING","landforms\barrens_dripstone.yml",""
"features","boulders.yml","FILE DIFFERENT","landforms\boulders\boulders.yml","geological\boulders\boulders.yml"
"features","ice_boulders.yml","FILE MISSING","landforms\boulders\ice_boulders.yml",""
"features","mossy_boulders.yml","FILE DIFFERENT","landforms\boulders\mossy_boulders.yml","geological\boulders\mossy_boulders.yml"
"features","small_boulder_patches.yml","FILE DIFFERENT","landforms\boulders\small_boulder_patches.yml","geological\boulders\small_boulder_patches.yml"
"features","small_calcite_boulder_patches.yml","FILE MISSING","landforms\boulders\small_calcite_boulder_patches.yml",""
"features","small_granite_boulder_patches.yml","FILE DIFFERENT","landforms\boulders\small_granite_boulder_patches.yml","geological\boulders\small_granite_boulder_patches.yml"
"features","small_mossy_boulder_patches.yml","FILE DIFFERENT","landforms\boulders\small_mossy_boulder_patches.yml","geological\boulders\small_mossy_boulder_patches.yml"
"features","small_sandstone_boulder_patches.yml","FILE DIFFERENT","landforms\boulders\small_sandstone_boulder_patches.yml","geological\boulders\small_sandstone_boulder_patches.yml"
"features","calcite_spikes.yml","FILE MISSING","landforms\calcite_spikes.yml",""
"features","glowstone_spike.yml","FILE MISSING","landforms\caverns\arid\glowstone_spike.yml",""
"features","basalt_pillar.yml","FILE MISSING","landforms\caverns\basalt\basalt_pillar.yml",""
"features","amethyst_pillar.yml","FILE MISSING","landforms\caverns\crystalline\amethyst_pillar.yml",""
"features","calcite_cavern_spike.yml","FILE MISSING","landforms\caverns\crystalline\calcite_cavern_spike.yml",""
"features","floating_amethyst.yml","FILE MISSING","landforms\caverns\crystalline\floating_amethyst.yml",""
"features","dripstone_caves_boulder_patches.yml","FILE DIFFERENT","landforms\caverns\dripstone\dripstone_caves_boulder_patches.yml","geological\boulders\dripstone_caves_boulder_patches.yml"
"features","dripstone_caves_ceiling_pointed_dripstone.yml","FILE DIFFERENT","landforms\caverns\dripstone\dripstone_caves_ceiling_pointed_dripstone.yml","geological\dripstone\dripstone_caves_ceiling_pointed_dripstone.yml"
"features","dripstone_caves_floor_pointed_dripstone.yml","FILE DIFFERENT","landforms\caverns\dripstone\dripstone_caves_floor_pointed_dripstone.yml","geological\dripstone\dripstone_caves_floor_pointed_dripstone.yml"
"features","dripstone_caves_large_ceiling_dripstone.yml","FILE DIFFERENT","landforms\caverns\dripstone\dripstone_caves_large_ceiling_dripstone.yml","geological\dripstone\dripstone_caves_large_ceiling_dripstone.yml"
"features","cavern_ice_spikes_ceiling.yml","FILE MISSING","landforms\caverns\frosted\cavern_ice_spikes_ceiling.yml",""
"features","cavern_ice_spikes_floor.yml","FILE MISSING","landforms\caverns\frosted\cavern_ice_spikes_floor.yml",""
"features","ice_pillar.yml","FILE MISSING","landforms\caverns\frosted\ice_pillar.yml",""
"features","mushroom_disks.yml","FILE MISSING","landforms\caverns\fungal\mushroom_disks.yml",""
"features","basalt_patches.yml","FILE MISSING","landforms\caverns\magma\basalt_patches.yml",""
"features","magma_cave_lava_pillar.yml","FILE MISSING","landforms\caverns\magma\magma_cave_lava_pillar.yml",""
"features","dripstone_spikes.yml","FILE MISSING","landforms\dripstone_spikes.yml",""
"features","floor_dripstone.yml","FILE MISSING","landforms\floor_dripstone.yml",""
"features","ice_pillars_ceiling.yml","FILE MISSING","landforms\ice_pillars_ceiling.yml",""
"features","ice_pillars.yml","FILE MISSING","landforms\ice_pillars.yml",""
"features","ice_spikes_moderate.yml","FILE MISSING","landforms\ice_spikes\ice_spikes_moderate.yml",""
"features","ice_spikes_sparse.yml","FILE MISSING","landforms\ice_spikes\ice_spikes_sparse.yml",""
"features","icebergs.yml","FILE DIFFERENT","landforms\icebergs.yml","geological\ice\icebergs\icebergs.yml"
"features","slanted_calcite_spikes.yml","FILE MISSING","landforms\slanted_calcite_spikes.yml",""
"features","stone_spikes.yml","FILE MISSING","landforms\stone_spikes.yml",""
"features","andesite_deposits.yml","FILE DIFFERENT","ores\deposits\andesite_deposits.yml","geological\deposits\deposits\andesite_deposits.yml"
"features","basalt_deposits.yml","FILE MISSING","ores\deposits\basalt_deposits.yml",""
"features","clay_deposits.yml","FILE DIFFERENT","ores\deposits\clay_deposits.yml","geological\deposits\deposits\clay_deposits.yml"
"features","cobblestone_deposits.yml","FILE MISSING","ores\deposits\cobblestone_deposits.yml",""
"features","blue_ice_deposits.yml","FILE DIFFERENT","ores\deposits\cold\blue_ice_deposits.yml","geological\deposits\deposits\blue_ice_deposits.yml"
"features","powder_snow_deposits.yml","FILE DIFFERENT","ores\deposits\cold\powder_snow_deposits.yml","geological\deposits\deposits\powder_snow_deposits.yml"
"features","diorite_deposits.yml","FILE DIFFERENT","ores\deposits\diorite_deposits.yml","geological\deposits\deposits\diorite_deposits.yml"
"features","dirt_deposits.yml","FILE DIFFERENT","ores\deposits\dirt_deposits.yml","geological\deposits\deposits\dirt_deposits.yml"
"features","granite_deposits.yml","FILE DIFFERENT","ores\deposits\granite_deposits.yml","geological\deposits\deposits\granite_deposits.yml"
"features","gravel_deposits.yml","FILE DIFFERENT","ores\deposits\gravel_deposits.yml","geological\deposits\deposits\gravel_deposits.yml"
"features","mossy_cobblestone_deposits.yml","FILE MISSING","ores\deposits\mossy_cobblestone_deposits.yml",""
"features","mud_deposits.yml","FILE MISSING","ores\deposits\mud_deposits.yml",""
"features","red_sand_deposits.yml","FILE MISSING","ores\deposits\red_sand_deposits.yml",""
"features","sand_deposits.yml","FILE MISSING","ores\deposits\sand_deposits.yml",""
"features","tuff_deposits.yml","FILE DIFFERENT","ores\deposits\tuff_deposits.yml","geological\deposits\deposits\tuff_deposits.yml"
"features","distribution.yml","FILE DIFFERENT","ores\distribution.yml","geological\deposits\distribution.yml"
"features","amethyst_geodes_high.yml","FILE MISSING","ores\misc\amethyst_geodes_high.yml",""
"features","amethyst_geodes.yml","FILE DIFFERENT","ores\misc\amethyst_geodes.yml","geological\amethyst_geodes.yml"
"features","coal_ore_high.yml","FILE DIFFERENT","ores\ores\coal_ore_high.yml","geological\deposits\ores\coal_ore_high.yml"
"features","coal_ore_uniform.yml","FILE DIFFERENT","ores\ores\coal_ore_uniform.yml","geological\deposits\ores\coal_ore_uniform.yml"
"features","coal_ore.yml","FILE DIFFERENT","ores\ores\coal_ore.yml","geological\deposits\ores\coal_ore.yml"
"features","copper_ore.yml","FILE DIFFERENT","ores\ores\copper_ore.yml","geological\deposits\ores\copper_ore.yml"
"features","diamond_ore_high.yml","FILE MISSING","ores\ores\diamond_ore_high.yml",""
"features","diamond_ore.yml","FILE DIFFERENT","ores\ores\diamond_ore.yml","geological\deposits\ores\diamond_ore.yml"
"features","emerald_ore_high.yml","FILE MISSING","ores\ores\emerald_ore_high.yml",""
"features","emerald_ore.yml","FILE DIFFERENT","ores\ores\emerald_ore.yml","geological\deposits\ores\emerald_ore.yml"
"features","gold_ore_high.yml","FILE DIFFERENT","ores\ores\gold_ore_high.yml","geological\deposits\ores\gold_ore_high.yml"
"features","gold_ore_uniform.yml","FILE DIFFERENT","ores\ores\gold_ore_uniform.yml","geological\deposits\ores\gold_ore_uniform.yml"
"features","gold_ore.yml","FILE DIFFERENT","ores\ores\gold_ore.yml","geological\deposits\ores\gold_ore.yml"
"features","iron_ore_high.yml","FILE DIFFERENT","ores\ores\iron_ore_high.yml","geological\deposits\ores\iron_ore_high.yml"
"features","iron_ore_uniform.yml","FILE DIFFERENT","ores\ores\iron_ore_uniform.yml","geological\deposits\ores\iron_ore_uniform.yml"
"features","iron_ore.yml","FILE DIFFERENT","ores\ores\iron_ore.yml","geological\deposits\ores\iron_ore.yml"
"features","lapis_ore_uniform.yml","FILE DIFFERENT","ores\ores\lapis_ore_uniform.yml","geological\deposits\ores\lapis_ore_uniform.yml"
"features","lapis_ore.yml","FILE DIFFERENT","ores\ores\lapis_ore.yml","geological\deposits\ores\lapis_ore.yml"
"features","redstone_ore_high.yml","FILE MISSING","ores\ores\redstone_ore_high.yml",""
"features","redstone_ore_uniform.yml","FILE DIFFERENT","ores\ores\redstone_ore_uniform.yml","geological\deposits\ores\redstone_ore_uniform.yml"
"features","redstone_ore.yml","FILE DIFFERENT","ores\ores\redstone_ore.yml","geological\deposits\ores\redstone_ore.yml"
"features","copper_ore_veins.yml","FILE DIFFERENT","ores\ores\veins\copper_ore_veins.yml","geological\deposits\ores\veins\copper_ore_veins.yml"
"features","diamond_ore_veins.yml","FILE MISSING","ores\ores\veins\diamond_ore_veins.yml",""
"features","iron_ore_veins.yml","FILE DIFFERENT","ores\ores\veins\iron_ore_veins.yml","geological\deposits\ores\veins\iron_ore_veins.yml"
"features","contain_floating_water.yml","FILE DIFFERENT","technical_crap\contain_floating_water.yml","geological\contain_floating_water.yml"
"features","ice_coastline.yml","FILE DIFFERENT","technical_crap\ice_coastline.yml","geological\ice\ice_coastline.yml"
"features","plantable.yml","FILE MISSING","technical_crap\plantable\plantable.yml",""
"features","snow_plantable.yml","FILE MISSING","technical_crap\plantable\snow_plantable.yml",""
"features","spawnable.yml","FILE MISSING","technical_crap\plantable\spawnable.yml",""
"features","textured_stone_slant.yml","FILE DIFFERENT","technical_crap\textured_stone_slant.yml","geological\boulders\textured_stone_slant.yml"
"features","autumnal_trees.yml","FILE MISSING","trees\autumnal_trees.yml",""
"features","azalea_trees.yml","FILE MISSING","trees\azalea_trees.yml",""
"features","bamboo_patches_caverns.yml","FILE MISSING","trees\bamboo\bamboo_patches_caverns.yml",""
"features","bamboo_patches.yml","FILE DIFFERENT","trees\bamboo\bamboo_patches.yml","vegetation\bamboo_patches.yml"
"features","birch_trees_dense.yml","FILE MISSING","trees\birch_trees_dense.yml",""
"features","caldera_dead_trees.yml","FILE MISSING","trees\caldera_dead_trees.yml",""
"features","huge_mushrooms_caverns.yml","FILE MISSING","trees\caverns\fungal\huge_mushrooms_caverns.yml",""
"features","lavender_trees_moderate_caverns.yml","FILE MISSING","trees\caverns\lavender\lavender_trees_moderate_caverns.yml",""
"features","great_azalea_trees.yml","FILE DIFFERENT","trees\caverns\lush\great_azalea_trees.yml","vegetation\trees\great_azalea_trees.yml"
"features","acacia_trees_caverns.yml","FILE MISSING","trees\caverns\underground_woodlands\acacia_trees_caverns.yml",""
"features","autumnal_trees_caverns.yml","FILE MISSING","trees\caverns\underground_woodlands\autumnal_trees_caverns.yml",""
"features","birch_trees_moderate_caverns.yml","FILE MISSING","trees\caverns\underground_woodlands\birch_trees_moderate_caverns.yml",""
"features","dark_oak_trees_moderate_caverns.yml","FILE MISSING","trees\caverns\underground_woodlands\dark_oak_trees_moderate_caverns.yml",""
"features","enchanted_trees_caverns.yml","FILE MISSING","trees\caverns\underground_woodlands\enchanted_trees_caverns.yml",""
"features","jungle_trees_caverns.yml","FILE MISSING","trees\caverns\underground_woodlands\jungle_trees_caverns.yml",""
"features","mangrove_trees_caverns.yml","FILE MISSING","trees\caverns\underground_woodlands\mangrove_trees_caverns.yml",""
"features","oak_trees_moderate_caverns.yml","FILE MISSING","trees\caverns\underground_woodlands\oak_trees_moderate_caverns.yml",""
"features","sakura_trees_caverns.yml","FILE MISSING","trees\caverns\underground_woodlands\sakura_trees_caverns.yml",""
"features","spruce_trees_dense_caverns.yml","FILE MISSING","trees\caverns\underground_woodlands\spruce_trees_dense_caverns.yml",""
"features","dark_oak_trees_moderate.yml","FILE MISSING","trees\dark_oak_trees_moderate.yml",""
"features","dead_swamp_trees.yml","FILE DIFFERENT","trees\dead_swamp_trees.yml","vegetation\trees\dead_swamp_trees.yml"
"features","dead_trees_large.yml","FILE MISSING","trees\dead_trees_large.yml",""
"features","dead_trees_moderate.yml","FILE MISSING","trees\dead_trees_moderate.yml",""
"features","dripstone_barren_trees.yml","FILE MISSING","trees\dripstone_barren_trees.yml",""
"features","enchanted_trees.yml","FILE MISSING","trees\enchanted_trees.yml",""
"features","fir_trees.yml","FILE MISSING","trees\fir_trees.yml",""
"features","ice_trees.yml","FILE MISSING","trees\ice_trees.yml",""
"features","jungle_trees.yml","FILE DIFFERENT","trees\jungle_trees.yml","vegetation\trees\jungle_trees.yml"
"features","lavender_trees_moderate.yml","FILE MISSING","trees\lavender_trees_moderate.yml",""
"features","lavender_trees_rare.yml","FILE MISSING","trees\lavender_trees_rare.yml",""
"features","oak_tree_big_dense.yml","FILE MISSING","trees\oak_tree_big_dense.yml",""
"features","oak_trees_bog.yml","FILE MISSING","trees\oak_trees_bog.yml",""
"features","oak_trees_dense.yml","FILE MISSING","trees\oak_trees_dense.yml",""
"features","oak_trees_occasional.yml","FILE MISSING","trees\oak_trees_occasional.yml",""
"features","oak_trees_rare.yml","FILE MISSING","trees\oak_trees_rare.yml",""
"features","redwood_trees.yml","FILE MISSING","trees\redwood_trees.yml",""
"features","sakura_trees.yml","FILE DIFFERENT","trees\sakura_trees.yml","vegetation\trees\sakura_trees.yml"
"features","spruce_trees_dense.yml","FILE MISSING","trees\spruce_trees_dense.yml",""
"features","spruce_trees_moderate.yml","FILE MISSING","trees\spruce_trees_moderate.yml",""
"features","spruce_trees_sparse.yml","FILE MISSING","trees\spruce_trees_sparse.yml",""
"features","sugar_pine_trees.yml","FILE MISSING","trees\sugar_pine_trees.yml",""
"features","swamp_trees.yml","FILE MISSING","trees\swamp_trees.yml",""
"features","amethyst_cluster_strips.yml","FILE MISSING","world_features\caverns\crystalline\amethyst_cluster_strips.yml",""
"features","CEILING_DRIPSTONE.yml","FILE DIFFERENT","world_features\caverns\dripstone\CEILING_DRIPSTONE.yml","geological\dripstone\CEILING_DRIPSTONE.yml"
"features","dripstone_cave_pools.yml","FILE DIFFERENT","world_features\caverns\dripstone\dripstone_cave_pools.yml","geological\dripstone\dripstone_cave_pools.yml"
"features","dripstone_columns.yml","FILE DIFFERENT","world_features\caverns\dripstone\dripstone_columns.yml","geological\dripstone\dripstone_columns.yml"
"features","lava_floor.yml","FILE DIFFERENT","world_features\caverns\lava_floor.yml","geological\lava_floor.yml"
"features","lush_cave_water_pools.yml","FILE DIFFERENT","world_features\caverns\lush\lush_cave_water_pools.yml","geological\lush_cave_water_pools.yml"
"features","magma_cave_lava_pools.yml","FILE MISSING","world_features\caverns\magma\magma_cave_lava_pools.yml",""
"features","mangrove_water_pools.yml","FILE MISSING","world_features\caverns\mangrove_caverns\mangrove_water_pools.yml",""
"features","sculk_webs.yml","FILE DIFFERENT","world_features\caverns\sculk\sculk_webs.yml","vegetation\sculk\sculk_webs.yml"
"features","underground_lava_columns.yml","FILE DIFFERENT","world_features\caverns\underground_lava_columns.yml","geological\underground_lava_columns.yml"
"features","lava_pools_mountain.yml","FILE MISSING","world_features\lava_pools_mountain.yml",""
"features","slabs.yml","FILE DIFFERENT","world_features\slabs\slabs.yml","geological\slabs\slabs.yml"
"features","stone_slabs.yml","FILE MOVED","world_features\slabs\stone_slabs.yml","geological\slabs\stone_slabs.yml"
"features","snow_layers_caverns.yml","FILE MISSING","world_features\snow\snow_layers_caverns.yml",""
"features","snow_layers_iceberg.yml","FILE MISSING","world_features\snow\snow_layers_iceberg.yml",""
"features","snow_layers_near_lava.yml","FILE MISSING","world_features\snow\snow_layers_near_lava.yml",""
"features","snow_layers_single_moderate.yml","FILE MISSING","world_features\snow\snow_layers_single_moderate.yml",""
"features","snow_layers_single_sparse.yml","FILE MISSING","world_features\snow\snow_layers_single_sparse.yml",""
"features","snow_layers_single.yml","FILE MISSING","world_features\snow\snow_layers_single.yml",""
"features","snow_layers.yml","FILE DIFFERENT","world_features\snow\snow_layers.yml","geological\slabs\snow_layers.yml"
"features","tree_snow.yml","FILE DIFFERENT","world_features\snow\tree_snow.yml","geological\tree_snow.yml"
"features","swamp_water_pools.yml","FILE MISSING","world_features\swamp\swamp_water_pools.yml",""
"palettes","andesite_caverns_deepslate.yml","FILE MISSING","caverns\andesite\andesite_caverns_deepslate.yml",""
"palettes","andesite_caverns.yml","FILE MISSING","caverns\andesite\andesite_caverns.yml",""
"palettes","arid_caverns_deepslate.yml","FILE MISSING","caverns\arid\arid_caverns_deepslate.yml",""
"palettes","arid_caverns.yml","FILE MISSING","caverns\arid\arid_caverns.yml",""
"palettes","barren_caverns_deepslate.yml","FILE MISSING","caverns\barren\barren_caverns_deepslate.yml",""
"palettes","barren_caverns.yml","FILE MISSING","caverns\barren\barren_caverns.yml",""
"palettes","basalt_caverns_deepslate.yml","FILE MISSING","caverns\basalt\basalt_caverns_deepslate.yml",""
"palettes","basalt_caverns.yml","FILE MISSING","caverns\basalt\basalt_caverns.yml",""
"palettes","blackstone_caverns_deepslate.yml","FILE MISSING","caverns\blackstone\blackstone_caverns_deepslate.yml",""
"palettes","blackstone_caverns.yml","FILE MISSING","caverns\blackstone\blackstone_caverns.yml",""
"palettes","calcite_caverns_deepslate.yml","FILE MISSING","caverns\calcite\calcite_caverns_deepslate.yml",""
"palettes","calcite_caverns.yml","FILE MISSING","caverns\calcite\calcite_caverns.yml",""
"palettes","crumbling_caverns_deepslate.yml","FILE MISSING","caverns\crumbling\crumbling_caverns_deepslate.yml",""
"palettes","crumbling_caverns.yml","FILE MISSING","caverns\crumbling\crumbling_caverns.yml",""
"palettes","crystalline_caverns_deepslate.yml","FILE MISSING","caverns\crystalline\crystalline_caverns_deepslate.yml",""
"palettes","crystalline_caverns.yml","FILE MISSING","caverns\crystalline\crystalline_caverns.yml",""
"palettes","diorite_caverns_deepslate.yml","FILE MISSING","caverns\diorite\diorite_caverns_deepslate.yml",""
"palettes","diorite_caverns.yml","FILE MISSING","caverns\diorite\diorite_caverns.yml",""
"palettes","dripstone_caverns_deepslate.yml","FILE MISSING","caverns\dripstone\dripstone_caverns_deepslate.yml",""
"palettes","dripstone_caverns.yml","FILE MISSING","caverns\dripstone\dripstone_caverns.yml",""
"palettes","frosted_caverns_deepslate.yml","FILE MISSING","caverns\frosted\frosted_caverns_deepslate.yml",""
"palettes","frosted_caverns_near_lava.yml","FILE MISSING","caverns\frosted\frosted_caverns_near_lava.yml",""
"palettes","frosted_caverns.yml","FILE MISSING","caverns\frosted\frosted_caverns.yml",""
"palettes","fungal_caverns_deepslate.yml","FILE MISSING","caverns\fungal\fungal_caverns_deepslate.yml",""
"palettes","fungal_caverns.yml","FILE MISSING","caverns\fungal\fungal_caverns.yml",""
"palettes","granite_caverns_deepslate.yml","FILE MISSING","caverns\granite\granite_caverns_deepslate.yml",""
"palettes","granite_caverns.yml","FILE MISSING","caverns\granite\granite_caverns.yml",""
"palettes","grass_deepslate_transition.yml","FILE MISSING","caverns\grass_deepslate_transition.yml",""
"palettes","grass_deepslate.yml","FILE MISSING","caverns\grass_deepslate.yml",""
"palettes","grass_granite_deepslate_transition.yml","FILE MISSING","caverns\grass_granite_deepslate_transition.yml",""
"palettes","grass_granite_deepslate.yml","FILE MISSING","caverns\grass_granite_deepslate.yml",""
"palettes","grass_granite.yml","FILE MISSING","caverns\grass_granite.yml",""
"palettes","grass_calcite_deepslate_transition.yml","FILE MISSING","caverns\lavender\grass_calcite_deepslate_transition.yml",""
"palettes","grass_calcite_deepslate.yml","FILE MISSING","caverns\lavender\grass_calcite_deepslate.yml",""
"palettes","grass_calcite.yml","FILE MISSING","caverns\lavender\grass_calcite.yml",""
"palettes","lush_caverns_deepslate.yml","FILE MISSING","caverns\lush\lush_caverns_deepslate.yml",""
"palettes","lush_caverns.yml","FILE MISSING","caverns\lush\lush_caverns.yml",""
"palettes","magma_caverns_deepslate.yml","FILE MISSING","caverns\magma\magma_caverns_deepslate.yml",""
"palettes","magma_caverns.yml","FILE MISSING","caverns\magma\magma_caverns.yml",""
"palettes","savannah_deepslate_transition.yml","FILE MISSING","caverns\savannah_deepslate_transition.yml",""
"palettes","savannah_deepslate.yml","FILE MISSING","caverns\savannah_deepslate.yml",""
"palettes","sculk_caverns_deepslate.yml","FILE MISSING","caverns\sculk\sculk_caverns_deepslate.yml",""
"palettes","sculk_caverns.yml","FILE MISSING","caverns\sculk\sculk_caverns.yml",""
"palettes","snowy_taiga_deepslate_transition.yml","FILE MISSING","caverns\snowy_taiga_deepslate_transition.yml",""
"palettes","snowy_taiga_deepslate.yml","FILE MISSING","caverns\snowy_taiga_deepslate.yml",""
"palettes","swamp_grass_deepslate_transition.yml","FILE MISSING","caverns\swamp_grass_deepslate_transition.yml",""
"palettes","swamp_grass_deepslate.yml","FILE MISSING","caverns\swamp_grass_deepslate.yml",""
"palettes","ice_layers.yml","FILE MISSING","cold\icy\ice_layers.yml",""
"palettes","ice_mix.yml","FILE MISSING","cold\icy\ice_mix.yml",""
"palettes","ice_stone.yml","FILE MISSING","cold\icy\ice_stone.yml",""
"palettes","snowy_grass_calcite.yml","FILE MISSING","cold\snowy\snowy_grass_calcite.yml",""
"palettes","snowy_grass.yml","FILE MISSING","cold\snowy\snowy_grass.yml",""
"palettes","snowy_ground.yml","FILE MISSING","cold\snowy\snowy_ground.yml",""
"palettes","snowy_ice.yml","FILE MISSING","cold\snowy\snowy_ice.yml",""
"palettes","snowy_marsh.yml","FILE MISSING","cold\snowy\snowy_marsh.yml",""
"palettes","snowy_swamp.yml","FILE MISSING","cold\snowy\snowy_swamp.yml",""
"palettes","snowy_taiga.yml","FILE MISSING","cold\snowy\snowy_taiga.yml",""
"palettes","snowy_tundra.yml","FILE MISSING","cold\snowy\snowy_tundra.yml",""
"palettes","bedrock.yml","FILE DIFFERENT","ground\bedrock.yml","underground\bedrock.yml"
"palettes","deepslate.yml","FILE DIFFERENT","ground\deepslate.yml","underground\deepslate.yml"
"palettes","isle_ice.yml","FILE MISSING","isle_ice.yml",""
"palettes","isles_ice.yml","FILE MISSING","isles\base_palette\isles_ice.yml",""
"palettes","grass_isles.yml","FILE MISSING","isles\grass_isles.yml",""
"palettes","snowy_grass_isles.yml","FILE MISSING","isles\snowy_grass_isles.yml",""
"palettes","snowy_ice_isles.yml","FILE MISSING","isles\snowy_ice_isles.yml",""
"palettes","snowy_taiga_isles.yml","FILE MISSING","isles\snowy_taiga_isles.yml",""
"palettes","frozen_ocean.yml","FILE MOVED","ocean_palette\frozen_ocean.yml","snowy\frozen_ocean.yml"
"palettes","river_bank.yml","FILE MISSING","river\river_bank.yml",""
"palettes","river_mud.yml","FILE MISSING","river\river_mud.yml",""
"palettes","rock_layers.yml","FILE MISSING","rock_layers.yml",""
"palettes","bog.yml","FILE MISSING","soil\bog.yml",""
"palettes","coarse_dirt.yml","FILE MOVED","soil\coarse_dirt.yml","dirt\coarse_dirt.yml"
"palettes","dripstone_barrens.yml","FILE MISSING","soil\dripstone_barrens.yml",""
"palettes","grass.yml","FILE DIFFERENT","soil\grass.yml","grass\grass.yml"
"palettes","savannah.yml","FILE MISSING","soil\savannah.yml",""
"palettes","sculk_grass.yml","FILE MISSING","soil\sculk_grass.yml",""
"palettes","sculk_swamp.yml","FILE MISSING","soil\sculk_swamp.yml",""
"palettes","swamp_grass.yml","FILE MISSING","soil\swamp_grass.yml",""
"palettes","deepslate_mix.yml","FILE MISSING","stone\deepslate_mix.yml",""
"palettes","granite_slant.yml","EXACT MATCH","stone\granite_slant.yml","stone\granite_slant.yml"
"palettes","gravel.yml","FILE DIFFERENT","stone\gravel.yml","stone\gravel.yml"
"palettes","hot_stone_transition.yml","FILE MISSING","stone\hot_stone_transition.yml",""
"palettes","hot_stone.yml","FILE MISSING","stone\hot_stone.yml",""
"palettes","mossy_stone_mix.yml","FILE MISSING","stone\mossy_stone_mix.yml",""
"palettes","mossy_stone.yml","FILE MISSING","stone\mossy_stone.yml",""
"palettes","smooth_basalt_stone.yml","FILE MOVED","stone\smooth_basalt_stone.yml","volcanic\smooth_basalt_stone.yml"
"palettes","stone_mix.yml","FILE MISSING","stone\stone_mix.yml",""
"palettes","tuff_stone.yml","EXACT MATCH","stone\tuff_stone.yml","stone\tuff_stone.yml"
"palettes","white_stone_water.yml","FILE MISSING","stone\white_stone_water.yml",""
"palettes","white_stone.yml","FILE MISSING","stone\white_stone.yml",""
"structures","allays.tesf","FILE MISSING","entities\allays.tesf",""
"structures","bats.tesf","FILE MISSING","entities\bats.tesf",""
"structures","blazes.tesf","FILE MISSING","entities\blazes.tesf",""
"structures","chickens.tesf","FILE MISSING","entities\chickens.tesf",""
"structures","cows.tesf","FILE MISSING","entities\cows.tesf",""
"structures","dolphins.tesf","FILE MISSING","entities\dolphins.tesf",""
"structures","donkeys.tesf","FILE MISSING","entities\donkeys.tesf",""
"structures","frogs.tesf","FILE MISSING","entities\frogs.tesf",""
"structures","goats.tesf","FILE MISSING","entities\goats.tesf",""
"structures","horses.tesf","FILE MISSING","entities\horses.tesf",""
"structures","mooshrooms.tesf","FILE MISSING","entities\mooshrooms.tesf",""
"structures","ocelots.tesf","FILE MISSING","entities\ocelots.tesf",""
"structures","pandas.tesf","FILE MISSING","entities\pandas.tesf",""
"structures","parrots.tesf","FILE MISSING","entities\parrots.tesf",""
"structures","pigs.tesf","FILE MISSING","entities\pigs.tesf",""
"structures","polar_bears.tesf","FILE MISSING","entities\polar_bears.tesf",""
"structures","sheep.tesf","FILE MISSING","entities\sheep.tesf",""
"structures","slimes.tesf","FILE MISSING","entities\slimes.tesf",""
"structures","turtles.tesf","FILE MISSING","entities\turtles.tesf",""
"structures","kelp_low.tesf","FILE DIFFERENT","flora\aquatic\kelp_low.tesf","vegetation\underwater\kelp_low.tesf"
"structures","kelp.tesf","FILE DIFFERENT","flora\aquatic\kelp.tesf","vegetation\underwater\kelp.tesf"
"structures","tall_seagrass.tesf","FILE DIFFERENT","flora\aquatic\tall_seagrass.tesf","vegetation\underwater\tall_seagrass.tesf"
"structures","acacia_bush.tesf","FILE MISSING","flora\bushes\acacia_bush.tesf",""
"structures","autumnal_bush.tesf","FILE MISSING","flora\bushes\autumnal_bush.tesf",""
"structures","azalea_bush.tesf","FILE DIFFERENT","flora\bushes\azalea_bush.tesf","vegetation\bushes\azalea_bush.tesf"
"structures","birch_bush.tesf","FILE MISSING","flora\bushes\birch_bush.tesf",""
"structures","dark_oak_bush.tesf","FILE MISSING","flora\bushes\dark_oak_bush.tesf",""
"structures","oak_bush.tesf","FILE DIFFERENT","flora\bushes\oak_bush.tesf","vegetation\bushes\oak_bush.tesf"
"structures","spruce_bush.tesf","FILE DIFFERENT","flora\bushes\spruce_bush.tesf","vegetation\bushes\spruce_bush.tesf"
"structures","cactus.tesf","FILE DIFFERENT","flora\caverns\arid\cactus.tesf","vegetation\cactus.tesf"
"structures","shroomlight_ceiling.tesf","FILE MISSING","flora\caverns\fungal\shroomlight_ceiling.tesf",""
"structures","glow_lichen.tesf","FILE DIFFERENT","flora\caverns\glow_lichen.tesf","vegetation\glow_lichen.tesf"
"structures","glow_berries.tesf","FILE DIFFERENT","flora\caverns\lush\glow_berries.tesf","vegetation\vines\glow_berries.tesf"
"structures","berry_bush_patch.tesf","FILE MISSING","flora\crops\berry_bush_patch.tesf",""
"structures","melon_patch.tesf","FILE DIFFERENT","flora\crops\melon_patch.tesf","vegetation\crops\melon_patch.tesf"
"structures","pumpkin_patch.tesf","FILE DIFFERENT","flora\crops\pumpkin_patch.tesf","vegetation\crops\pumpkin_patch.tesf"
"structures","crossing_vines_segment.tesf","FILE DIFFERENT","flora\crossing_vines\crossing_vines_segment.tesf","vegetation\vines\crossing_vines_segment.tesf"
"structures","crossing_vines.tesf","FILE DIFFERENT","flora\crossing_vines\crossing_vines.tesf","vegetation\vines\crossing_vines.tesf"
"structures","lilac.tesf","FILE DIFFERENT","flora\flowers\lilac.tesf","vegetation\flowers\lilac.tesf"
"structures","peony.tesf","FILE DIFFERENT","flora\flowers\peony.tesf","vegetation\flowers\peony.tesf"
"structures","large_fern.tesf","FILE MOVED","flora\large_fern.tesf","vegetation\large_fern.tesf"
"structures","big_dripleaf.tesf","FILE MOVED","flora\lush\dripleaf\big_dripleaf.tesf","vegetation\big_dripleaf.tesf"
"structures","small_dripleaf.tesf","FILE MOVED","flora\lush\dripleaf\small_dripleaf.tesf","vegetation\small_dripleaf.tesf"
"structures","oak_shrub.tesf","FILE MISSING","flora\oak_shrub.tesf",""
"structures","place_adjacent_sculk_veins.tesf","FILE MOVED","flora\sculk\place_adjacent_sculk_veins.tesf","vegetation\sculk\place_adjacent_sculk_veins.tesf"
"structures","sculk_vein.tesf","FILE DIFFERENT","flora\sculk\sculk_vein.tesf","vegetation\sculk\sculk_vein.tesf"
"structures","sugar_cane.tesf","FILE DIFFERENT","flora\sugar_cane.tesf","vegetation\sugar_cane.tesf"
"structures","tall_grass.tesf","FILE MOVED","flora\tall_grass.tesf","vegetation\tall_grass.tesf"
"structures","andesite_wall_boulder.tesf","FILE DIFFERENT","landforms\boulders\andesite_wall_boulder.tesf","geological\boulders\andesite_wall_boulder.tesf"
"structures","boulder_palette.tesf","FILE DIFFERENT","landforms\boulders\boulder_palette.tesf","geological\boulders\boulder_palette.tesf"
"structures","boulder_textured.tesf","FILE DIFFERENT","landforms\boulders\boulder_textured.tesf","geological\boulders\boulder_textured.tesf"
"structures","boulder.tesf","FILE DIFFERENT","landforms\boulders\boulder.tesf","geological\boulders\boulder.tesf"
"structures","ice_boulder_palette.tesf","FILE MISSING","landforms\boulders\ice_boulder_palette.tesf",""
"structures","ice_boulder.tesf","FILE MISSING","landforms\boulders\ice_boulder.tesf",""
"structures","small_boulder_textured.tesf","FILE DIFFERENT","landforms\boulders\small_boulder_textured.tesf","geological\boulders\small_boulder_textured.tesf"
"structures","small_boulder.tesf","FILE DIFFERENT","landforms\boulders\small_boulder.tesf","geological\boulders\small_boulder.tesf"
"structures","small_calcite_boulder.tesf","FILE MISSING","landforms\boulders\small_calcite_boulder.tesf",""
"structures","small_granite_boulder.tesf","FILE DIFFERENT","landforms\boulders\small_granite_boulder.tesf","geological\boulders\small_granite_boulder.tesf"
"structures","small_sandstone_boulder.tesf","FILE DIFFERENT","landforms\boulders\small_sandstone_boulder.tesf","geological\boulders\small_sandstone_boulder.tesf"
"structures","stone_wall_boulder.tesf","FILE DIFFERENT","landforms\boulders\stone_wall_boulder.tesf","geological\boulders\stone_wall_boulder.tesf"
"structures","calcite_spike_small.tesf","FILE MISSING","landforms\calcite_spike_small.tesf",""
"structures","calcite_spike.tesf","FILE MISSING","landforms\calcite_spike.tesf",""
"structures","glowstone_spike.tesf","FILE MISSING","landforms\caverns\arid\glowstone_spike.tesf",""
"structures","basalt_pillar.tesf","FILE MISSING","landforms\caverns\basalt\basalt_pillar.tesf",""
"structures","amethyst_pillar.tesf","FILE MISSING","landforms\caverns\crystalline\amethyst_pillar.tesf",""
"structures","floating_amethyst.tesf","FILE MISSING","landforms\caverns\crystalline\floating_amethyst.tesf",""
"structures","ceiling_pointed_dripstone.tesf","FILE MISSING","landforms\caverns\dripstone\ceiling_pointed_dripstone.tesf",""
"structures","dripstone_caves_boulder.tesf","FILE DIFFERENT","landforms\caverns\dripstone\dripstone_caves_boulder.tesf","geological\boulders\dripstone_caves_boulder.tesf"
"structures","floor_pointed_dripstone.tesf","FILE MISSING","landforms\caverns\dripstone\floor_pointed_dripstone.tesf",""
"structures","large_ceiling_pointed_dripstone.tesf","FILE DIFFERENT","landforms\caverns\dripstone\large_ceiling_pointed_dripstone.tesf","geological\dripstone\large_ceiling_pointed_dripstone.tesf"
"structures","ice_pillar.tesf","FILE MISSING","landforms\caverns\frosted\ice_pillar.tesf",""
"structures","mushroom_disks.tesf","FILE MISSING","landforms\caverns\fungal\mushroom_disks.tesf",""
"structures","basalt_patches.tesf","FILE MISSING","landforms\caverns\magma\basalt_patches.tesf",""
"structures","dripstone_cluster.tesf","FILE MISSING","landforms\dripstone_finder\dripstone_cluster.tesf",""
"structures","dripstone_finder.tesf","FILE MISSING","landforms\dripstone_finder\dripstone_finder.tesf",""
"structures","stalactite.tesf","FILE MISSING","landforms\dripstone_finder\stalactite.tesf",""
"structures","stalagmite.tesf","FILE MISSING","landforms\dripstone_finder\stalagmite.tesf",""
"structures","dripstone_spike.tesf","FILE MISSING","landforms\dripstone_spike.tesf",""
"structures","ice_protrude_ceiling.tesf","FILE MISSING","landforms\ice_protrude_ceiling.tesf",""
"structures","ice_protrude.tesf","FILE MISSING","landforms\ice_protrude.tesf",""
"structures","ice_spike_huge.tesf","FILE MISSING","landforms\ice_spikes\ice_spike_huge.tesf",""
"structures","ice_spike_small_ceiling.tesf","FILE MISSING","landforms\ice_spikes\ice_spike_small_ceiling.tesf",""
"structures","ice_spike_small.tesf","FILE MISSING","landforms\ice_spikes\ice_spike_small.tesf",""
"structures","ice_spike.tesf","FILE DIFFERENT","landforms\ice_spikes\ice_spike.tesf","geological\ice\ice_spike.tesf"
"structures","iceberg.tesf","FILE DIFFERENT","landforms\iceberg.tesf","geological\ice\icebergs\iceberg.tesf"
"structures","slanted_calcite_spike.tesf","FILE MISSING","landforms\slanted_calcite_spike.tesf",""
"structures","stone_spike.tesf","FILE DIFFERENT","landforms\stone_spike.tesf","geological\stone_spike.tesf"
"structures","abstract_deep_deposit.yml","FILE DIFFERENT","ores\deposits\abstract_deep_deposit.yml","geological\deposits\abstract_deep_deposit.yml"
"structures","abstract_deposit.yml","FILE DIFFERENT","ores\deposits\abstract_deposit.yml","geological\deposits\abstract_deposit.yml"
"structures","andesite_deposit.yml","FILE DIFFERENT","ores\deposits\deposits\andesite_deposit.yml","geological\deposits\andesite_deposit.yml"
"structures","basalt_deposit.yml","FILE MISSING","ores\deposits\deposits\basalt_deposit.yml",""
"structures","clay_deposit.yml","FILE MOVED","ores\deposits\deposits\clay_deposit.yml","geological\deposits\clay_deposit.yml"
"structures","cobblestone_deposit.yml","FILE MISSING","ores\deposits\deposits\cobblestone_deposit.yml",""
"structures","blue_ice_deposit.yml","FILE DIFFERENT","ores\deposits\deposits\cold\blue_ice_deposit.yml","geological\deposits\blue_ice_deposit.yml"
"structures","powder_snow_deposit.yml","FILE MOVED","ores\deposits\deposits\cold\powder_snow_deposit.yml","geological\deposits\powder_snow_deposit.yml"
"structures","diorite_deposit.yml","FILE DIFFERENT","ores\deposits\deposits\diorite_deposit.yml","geological\deposits\diorite_deposit.yml"
"structures","dirt_deposit.yml","FILE DIFFERENT","ores\deposits\deposits\dirt_deposit.yml","geological\deposits\dirt_deposit.yml"
"structures","granite_deposit.yml","FILE DIFFERENT","ores\deposits\deposits\granite_deposit.yml","geological\deposits\granite_deposit.yml"
"structures","gravel_deposit.yml","FILE DIFFERENT","ores\deposits\deposits\gravel_deposit.yml","geological\deposits\gravel_deposit.yml"
"structures","mossy_cobblestone_deposit.yml","FILE MISSING","ores\deposits\deposits\mossy_cobblestone_deposit.yml",""
"structures","mud_deposit.yml","FILE MISSING","ores\deposits\deposits\mud_deposit.yml",""
"structures","red_sand_deposit.yml","FILE MISSING","ores\deposits\deposits\red_sand_deposit.yml",""
"structures","sand_deposit.yml","FILE MISSING","ores\deposits\deposits\sand_deposit.yml",""
"structures","tuff_deposit.yml","FILE DIFFERENT","ores\deposits\deposits\tuff_deposit.yml","geological\deposits\tuff_deposit.yml"
"structures","amethyst_geode.tesf","FILE DIFFERENT","ores\misc\amethyst_geode.tesf","geological\amethyst-geode\amethyst_geode.tesf"
"structures","place_crystals.tesf","FILE DIFFERENT","ores\misc\place_crystals.tesf","geological\amethyst-geode\place_crystals.tesf"
"structures","abstract_ore.yml","FILE MOVED","ores\ores\abstract_ore.yml","geological\ores\abstract_ore.yml"
"structures","coal_ore.yml","FILE DIFFERENT","ores\ores\ores\coal_ore.yml","geological\ores\coal_ore.yml"
"structures","copper_ore_large.yml","FILE DIFFERENT","ores\ores\ores\copper_ore_large.yml","geological\ores\copper_ore_large.yml"
"structures","copper_ore.yml","FILE DIFFERENT","ores\ores\ores\copper_ore.yml","geological\ores\copper_ore.yml"
"structures","diamond_ore_large.yml","FILE DIFFERENT","ores\ores\ores\diamond_ore_large.yml","geological\ores\diamond_ore_large.yml"
"structures","diamond_ore_small.yml","FILE DIFFERENT","ores\ores\ores\diamond_ore_small.yml","geological\ores\diamond_ore_small.yml"
"structures","diamond_ore.yml","FILE MOVED","ores\ores\ores\diamond_ore.yml","geological\ores\diamond_ore.yml"
"structures","emerald_ore.yml","FILE DIFFERENT","ores\ores\ores\emerald_ore.yml","geological\ores\emerald_ore.yml"
"structures","gold_ore.yml","FILE DIFFERENT","ores\ores\ores\gold_ore.yml","geological\ores\gold_ore.yml"
"structures","iron_ore.yml","FILE DIFFERENT","ores\ores\ores\iron_ore.yml","geological\ores\iron_ore.yml"
"structures","lapis_ore.yml","FILE MOVED","ores\ores\ores\lapis_ore.yml","geological\ores\lapis_ore.yml"
"structures","redstone_ore.yml","FILE DIFFERENT","ores\ores\ores\redstone_ore.yml","geological\ores\redstone_ore.yml"
"structures","blank.tesf","FILE DIFFERENT","technical_crap\blank.tesf","misc\blank.tesf"
"structures","is_dark_oak_replaceable.tesf","FILE MOVED","technical_crap\block_check\is_dark_oak_replaceable.tesf","vegetation\trees\dark-oak\is_dark_oak_replaceable.tesf"
"structures","is_dripstone_column_replaceable.tesf","FILE MOVED","technical_crap\block_check\is_dripstone_column_replaceable.tesf","geological\dripstone\is_dripstone_column_replaceable.tesf"
"structures","is_great_azalea_plantable.tesf","FILE DIFFERENT","technical_crap\block_check\is_great_azalea_plantable.tesf","vegetation\trees\azalea\is_great_azalea_plantable.tesf"
"structures","is_leaf.tesf","FILE MOVED","technical_crap\block_check\is_leaf.tesf","vegetation\is_leaf.tesf"
"structures","is_log.tesf","FILE MOVED","technical_crap\block_check\is_log.tesf","vegetation\is_log.tesf"
"structures","is_rock.tesf","FILE DIFFERENT","technical_crap\block_check\is_rock.tesf","geological\is_rock.tesf"
"structures","is_sculk_plantable.tesf","FILE MOVED","technical_crap\block_check\is_sculk_plantable.tesf","vegetation\sculk\is_sculk_plantable.tesf"
"structures","plantable.tesf","FILE DIFFERENT","technical_crap\block_check\plantable.tesf","vegetation\plantable.tesf"
"structures","autumnal_tree.tesf","FILE MISSING","trees\autumnal_tree.tesf",""
"structures","azalea_tree.tesf","FILE MISSING","trees\azalea_tree.tesf",""
"structures","bamboo_caverns.tesf","FILE MISSING","trees\bamboo\bamboo_caverns.tesf",""
"structures","bamboo.tesf","FILE DIFFERENT","trees\bamboo\bamboo.tesf","vegetation\bamboo.tesf"
"structures","birch_tree.tesf","FILE MISSING","trees\birch_tree.tesf",""
"structures","caldera_dead_tree.tesf","FILE MISSING","trees\caldera_dead_tree.tesf",""
"structures","brown_mushroom_disk.tesf","FILE DIFFERENT","trees\caverns\fungal\huge_mushroom_deco\brown_mushroom_disk.tesf","vegetation\mushrooms\brown_mushroom_disk.tesf"
"structures","red_mushroom_disk.tesf","FILE DIFFERENT","trees\caverns\fungal\huge_mushroom_deco\red_mushroom_disk.tesf","vegetation\mushrooms\red_mushroom_disk.tesf"
"structures","huge_mushrooms.tesf","FILE MISSING","trees\caverns\fungal\huge_mushrooms.tesf",""
"structures","lavender_tree_caverns.tesf","FILE MISSING","trees\caverns\lavender\lavender_tree_caverns.tesf",""
"structures","great_azalea_tree_tunnel.tesf","FILE DIFFERENT","trees\caverns\lush\great_azalea_tree\great_azalea_tree_tunnel.tesf","vegetation\trees\azalea\great_azalea_tree_tunnel.tesf"
"structures","great_azalea_tree.tesf","FILE DIFFERENT","trees\caverns\lush\great_azalea_tree\great_azalea_tree.tesf","vegetation\trees\azalea\great_azalea_tree.tesf"
"structures","place_great_azalea_tree_underground.tesf","FILE DIFFERENT","trees\caverns\lush\great_azalea_tree\place_great_azalea_tree_underground.tesf","vegetation\trees\azalea\place_great_azalea_tree_underground.tesf"
"structures","acacia_tree_caverns.tesf","FILE MISSING","trees\caverns\underground_woodlands\acacia_tree_caverns.tesf",""
"structures","autumnal_tree_caverns.tesf","FILE MISSING","trees\caverns\underground_woodlands\autumnal_tree_caverns.tesf",""
"structures","birch_tree_caverns.tesf","FILE MISSING","trees\caverns\underground_woodlands\birch_tree_caverns.tesf",""
"structures","dark_oak_tree_caverns.tesf","FILE MISSING","trees\caverns\underground_woodlands\dark_oak_tree_caverns.tesf",""
"structures","enchanted_tree_caverns.tesf","FILE MISSING","trees\caverns\underground_woodlands\enchanted_tree_caverns.tesf",""
"structures","jungle_tree_caverns.tesf","FILE MISSING","trees\caverns\underground_woodlands\jungle_tree_caverns.tesf",""
"structures","mangrove_tree_caverns.tesf","FILE MISSING","trees\caverns\underground_woodlands\mangrove_tree_caverns.tesf",""
"structures","oak_tree_caverns.tesf","FILE MISSING","trees\caverns\underground_woodlands\oak_tree_caverns.tesf",""
"structures","spruce_tree_caverns.tesf","FILE MISSING","trees\caverns\underground_woodlands\spruce_tree_caverns.tesf",""
"structures","dark_oak_tree.tesf","FILE MISSING","trees\dark_oak_tree.tesf",""
"structures","dead_swamp_tree.tesf","FILE MISSING","trees\dead_swamp_tree.tesf",""
"structures","dead_tree_large.tesf","FILE MISSING","trees\dead_tree_large.tesf",""
"structures","dead_tree.tesf","FILE MISSING","trees\dead_tree.tesf",""
"structures","enchanted_tree.tesf","FILE MISSING","trees\enchanted_tree.tesf",""
"structures","fir_tree.tesf","FILE MISSING","trees\fir_tree.tesf",""
"structures","ice_tree.tesf","FILE MISSING","trees\ice_tree.tesf",""
"structures","jungle_tree.tesf","FILE MISSING","trees\jungle_tree.tesf",""
"structures","large_autumnal_tree.tesf","FILE MISSING","trees\large_autumnal_tree.tesf",""
"structures","large_azalea_tree.tesf","FILE MISSING","trees\large_azalea_tree.tesf",""
"structures","large_birch_tree.tesf","FILE MISSING","trees\large_birch_tree.tesf",""
"structures","large_dark_oak_tree.tesf","FILE MISSING","trees\large_dark_oak_tree.tesf",""
"structures","large_oak_tree_2.tesf","FILE MISSING","trees\large_oak_tree_2.tesf",""
"structures","large_oak_tree.tesf","FILE DIFFERENT","trees\large_oak_tree.tesf","rearth\large_oak_tree.tesf"
"structures","large_spruce_tree.tesf","FILE DIFFERENT","trees\large_spruce_tree.tesf","rearth\large_spruce_tree.tesf"
"structures","lavender_tree.tesf","FILE MISSING","trees\lavender_tree.tesf",""
"structures","oak_tree.tesf","FILE MISSING","trees\oak_tree.tesf",""
"structures","redwood_tree.tesf","FILE MISSING","trees\redwood_tree.tesf",""
"structures","spruce_tree.tesf","FILE MISSING","trees\spruce_tree.tesf",""
"structures","sugar_pine_tree.tesf","FILE MISSING","trees\sugar_pine_tree.tesf",""
"structures","swamp_tree.tesf","FILE MISSING","trees\swamp_tree.tesf",""
"structures","thin_autumnal_tree.tesf","FILE MISSING","trees\thin_autumnal_tree.tesf",""
"structures","azalea_leaves_clump.tesf","FILE DIFFERENT","trees\tree_deco\azalea_leaves_clump.tesf","vegetation\trees\azalea\azalea_leaves_clump.tesf"
"structures","bee_nest.tesf","FILE DIFFERENT","trees\tree_deco\bee_nest.tesf","misc\bee-nest\bee_nest.tesf"
"structures","dark_oak_leaves_clump.tesf","FILE DIFFERENT","trees\tree_deco\dark_oak_leaves_clump.tesf","vegetation\trees\dark-oak\dark_oak_leaves_clump.tesf"
"structures","fir_leaves.tesf","FILE MISSING","trees\tree_deco\fir_leaves.tesf",""
"structures","mangrove_leaves_clump.tesf","FILE MOVED","trees\tree_deco\mangrove_leaves_clump.tesf","vegetation\trees\mangrove\mangrove_leaves_clump.tesf"
"structures","oak_leaves_clump.tesf","FILE DIFFERENT","trees\tree_deco\oak_leaves_clump.tesf","vegetation\trees\oak\oak_leaves_clump.tesf"
"structures","place_trunk_vines.tesf","FILE DIFFERENT","trees\tree_deco\place_trunk_vines.tesf","vegetation\vines\place_trunk_vines.tesf"
"structures","place_vines.tesf","FILE DIFFERENT","trees\tree_deco\place_vines.tesf","vegetation\vines\place_vines.tesf"
"structures","propagule.tesf","FILE MOVED","trees\tree_deco\propagule.tesf","vegetation\trees\mangrove\propagule.tesf"
"structures","spore_blossom.tesf","FILE DIFFERENT","trees\tree_deco\spore_blossom.tesf","vegetation\spore_blossom.tesf"
"structures","amethyst_cluster_strips.tesf","FILE MISSING","world_features\caverns\crystalline\amethyst_cluster_strips.tesf",""
"structures","dripstone_column.tesf","FILE DIFFERENT","world_features\caverns\dripstone\dripstone_column.tesf","geological\dripstone\dripstone_column.tesf"
"structures","lava_column.tesf","FILE DIFFERENT","world_features\caverns\lava_column.tesf","geological\lava_column.tesf"
"structures","magma_cave_lava_pillar.tesf","FILE MISSING","world_features\caverns\magma\magma_cave_lava_pillar.tesf",""
"structures","stone_slabs.tesf","FILE MOVED","world_features\slabs\stone_slabs.tesf","geological\slabs\stone_slabs.tesf"
"structures","snow_layers_iceberg.tesf","FILE MISSING","world_features\snow\snow_layers_iceberg.tesf",""
"structures","snow_layers_single.tesf","FILE MISSING","world_features\snow\snow_layers_single.tesf",""
"structures","snow_layers.tesf","FILE DIFFERENT","world_features\snow\snow_layers.tesf","geological\slabs\snow_layers.tesf"
