BiomeID,Extends,VanillaID,LAND_CAVES,SPECIAL_CAVES,CAVERNS_LAND,River,Source,Origin,Type,Temperature,Precipitation,Elevation,ExploreExpand,ExploreTest,default,expanded,origen2,rearth,single,single_debug
ABYSSAL_ALLEYS,"['PALETTE_OCEAN', 'ENVIRONMENT_MARINE_OCEAN', 'CARVING_OCEAN', 'BASE']",,,,,,surface,,Ocean,,,,0.0000%,0.0000%,0.0000%,0.0000%,2.0232%,5.9896%,0.0000%,0.0000%
ACACIA_CAVERNS,"['EQ_CAVE_BIOME', 'BASE_HYDRAXIA']",,,,,,extrusion,,Land,,,,0.0000%,0.0000%,0.0000%,0.0000%,0.0000%,0.0000%,0.0000%,0.0000%
ALIEN_MARSH,"['ENVIRONMENT_LAND_CONTINENTAL_HUMID', 'EQ_CELL_MARSH', 'CARVING_OCEAN', 'BASE']",,True,True,,,surface,,Land,,0.8500,,3.9474%,0.0000%,0.0000%,0.0000%,0.0055%,0.0000%,0.0000%,0.0000%
ALPINE_ASCENDANCY,"['CARVING_LAND', 'BASE']",,True,True,,,surface,,Land,,,0.9000,0.0000%,0.0000%,0.0000%,0.0000%,0.0528%,0.3205%,0.0000%,0.0000%
ALPINE_ASCENDANCY_RIVER,"['MOUNTAIN_RIVER_FROZEN', 'EQ_GLOBAL_RIVER', 'ALPINE_ASCENDANCY']",,True,True,,,surface,,Land,,,0.9000,0.0000%,0.0000%,0.0000%,0.0000%,0.0528%,0.3205%,0.0000%,0.0000%
ANCIENT_CAVES,"['CAVE', 'BASE']",,,,,,extrusion,,Land,,,,0.0000%,0.0000%,0.0512%,0.0376%,0.0464%,0.0000%,0.0000%,0.0000%
ANDESITE_CAVERNS,"['EQ_CAVE_BIOME', 'BASE_HYDRAXIA']",,,,,,extrusion,,Land,,,,0.0000%,1.0682%,0.0000%,0.0000%,0.0000%,0.0000%,0.0000%,0.0000%
ARCHIPELAGO,"['ENVIRONMENT_LAND_MARITIME_WET', 'EQ_ERODED_COAST', 'CARVING_OCEAN', 'BASE']",,True,True,,General,surface,,Land,,,,0.0000%,0.0000%,0.0000%,0.3756%,0.0000%,0.0000%,0.0000%,0.0000%
ARCTIC_ARCHES,"['FROZEN_OCEAN', 'CARVING_OCEAN', 'BASE']",,,,,,surface,,Land,,,,0.0000%,0.0000%,0.0000%,0.0000%,0.1087%,1.0417%,0.0000%,0.0000%
ARCTIC_MESA,"['BASE_HYDRAXIA', 'EQ_TERRACED_MOUNTAINS', 'EQ_CARVING_LAND', 'HYDRAXIA_ORES_GOLD']",,,,True,General,surface,,Land,,,,0.0000%,0.0000%,0.0000%,0.0000%,0.0000%,0.0000%,0.0000%,0.0000%
ARID_ARBORETUM,"['CARVING_LAND', 'BASE']",,,,,General,surface,,Land,0.7000,0.1000,,0.0000%,0.0000%,0.0000%,0.0000%,0.0179%,0.3108%,0.0000%,0.0000%
ARID_CAVERNS,"['EQ_CAVE_BIOME', 'BASE_HYDRAXIA']",,,,,,extrusion,,Land,0.7000,0.1000,,0.0000%,0.3561%,0.0000%,0.0000%,0.0000%,0.0000%,0.0000%,0.0000%
ARID_PALE_GARDEN,"['ENVIRONMENT_LAND_DRY_WARM_SEMI_ARID', 'PALE_GARDEN']",,True,True,,,surface,,Land,0.7000,0.1000,,0.0000%,0.0000%,0.6944%,0.8170%,0.8333%,0.0000%,0.0000%,0.0000%
ARID_PALE_GARDEN_COAST,"['ENVIRONMENT_LAND_DRY_WARM_SEMI_ARID', 'ARID_PALE_GARDEN']",,True,True,,,surface,,Land,0.7000,0.1000,,3.9474%,0.0000%,0.0704%,0.0605%,0.0754%,0.0000%,0.0000%,0.0000%
ARID_PALE_GARDEN_RIVER,"['ENVIRONMENT_LAND_DRY_WARM_SEMI_ARID', 'EQ_GLOBAL_RIVER', 'CARVING_OCEAN', 'ARID_PALE_GARDEN_COAST']",,True,True,,,surface,,Land,0.7000,0.1000,,0.0000%,0.0000%,0.9056%,0.9986%,1.0595%,0.0000%,0.0000%,0.0000%
ARID_SPIKES,"['ENVIRONMENT_LAND_DRY_RED_DESERT', 'COLOR_XERIC', 'EQ_SPIKES', 'CARVING_LAND', 'ORES_GOLD', 'BASE']",,True,True,,,surface,,Land,0.7000,0.1000,,0.0000%,0.0000%,0.0552%,0.0406%,0.0610%,0.0000%,0.0000%,0.0000%
ASPEN_FOREST,"['ENVIRONMENT_LAND_CONTINENTAL_MONSOON', 'EQ_MULTI_TERRACED_LAND', 'CARVING_LAND', 'BASE']",,True,True,,General,surface,,Land,,0.6000,,0.0000%,0.0000%,0.0129%,0.0095%,0.0137%,0.0000%,0.0000%,0.0000%
AUTUMNAL_CAVERNS,"['EQ_CAVE_BIOME', 'BASE_HYDRAXIA', 'HYDRAXIA_ORES_GOLD']",,,,,,extrusion,,Land,,,,0.0000%,0.0000%,0.0000%,0.0000%,0.0000%,0.0000%,0.0000%,0.0000%
AUTUMNAL_WOODLANDS,"['EQ_HILLS', 'BASE_HYDRAXIA', 'EQ_CARVING_LAND', 'HYDRAXIA_ORES_GOLD']",,,,True,,surface,,Land,,0.5500,,0.0000%,0.0000%,0.0000%,0.0000%,0.0000%,0.0000%,0.0000%,0.0000%
AZALEA_FOREST,"['ENVIRONMENT_LAND_TEMPERATE_SUBTROPICAL_HUMID', 'EQ_MULTI_TERRACED_LAND', 'CARVING_LAND', 'BASE']",,True,True,,General,surface,,Land,,0.6000,,0.0000%,0.0000%,0.0132%,0.0097%,0.0084%,0.0000%,0.0000%,0.0000%
BADLANDS,"['COLOR_XERIC', 'ENVIRONMENT_LAND_DRY_RED_DESERT', 'EQ_STRATIFIED_LAND', 'CARVING_LAND', 'ORES_GOLD', 'BASE']",,True,True,,,surface,,Land,,,,0.0000%,0.0000%,0.0276%,0.0203%,0.0305%,0.0000%,0.0000%,0.0000%
BADLANDS_BALCONIES,"['CARVING_LAND', 'BASE']",,True,True,,,surface,,Land,,,,0.0000%,0.0000%,0.0000%,0.0000%,0.0298%,0.8144%,0.0000%,0.0000%
BADLANDS_BUTTES,"['ENVIRONMENT_LAND_DRY_RED_DESERT', 'EQ_ROCKY_BUTTES', 'CARVING_LAND', 'ORES_GOLD', 'BASE']",,True,True,,,surface,,Land,,,,0.0000%,0.0000%,0.0552%,0.0406%,0.0610%,0.0000%,0.0000%,0.0000%
BADLANDS_RIVER,"['EQ_GLOBAL_RIVER', 'CARVING_OCEAN', 'BADLANDS']",,True,True,,,surface,,Land,,,,0.0000%,0.0000%,0.1104%,0.0812%,0.1220%,0.0000%,0.0000%,0.0000%
BAD_BALCOONIES_RIVER,"['RIVER_BASIC', 'EQ_GLOBAL_RIVER', 'BADLANDS_BALCONIES']",,True,True,,,surface,,Land,,,,0.0000%,0.0000%,0.0000%,0.0000%,0.0000%,0.0000%,0.0000%,0.0000%
BAMBOO_BASIN,"['CARVING_LAND', 'BASE']",,True,True,,,surface,,Land,,,,0.0000%,0.0000%,0.0000%,0.0000%,0.1621%,0.3945%,0.0000%,0.0000%
BAMBOO_JUNGLE,"['ENVIRONMENT_LAND_TROPICAL_EQUATORIAL', 'EQ_MULTI_TERRACED_LAND', 'CARVING_LAND', 'BASE']",,True,True,,,surface,,Land,0.8500,0.8500,,0.0000%,0.0000%,0.0331%,0.0243%,0.0263%,0.0000%,0.0000%,0.0000%
BARE_BOULDERFIELDS,"['CARVING_LAND', 'BASE']",,,,,General,surface,,Land,,,,0.0000%,0.0000%,0.0000%,0.0000%,0.0365%,0.1603%,0.0000%,0.0000%
BARREN_CAVERNS,"['EQ_CAVE_BIOME', 'BASE_HYDRAXIA', 'HYDRAXIA_ORES_GOLD']",,,,,,extrusion,,Land,,,,0.0000%,0.3561%,0.0000%,0.0000%,0.0000%,0.0000%,0.0000%,0.0000%
BASALT_CAVERNS,"['EQ_CAVE_BIOME', 'BASE_HYDRAXIA']",,,,,,extrusion,,Land,,,,0.0000%,0.2670%,0.0000%,0.0000%,0.0000%,0.0000%,0.0000%,0.0000%
BEACH,"['ENVIRONMENT_LAND_MARITIME_WET', 'EQ_FLAT_ERODED', 'CARVING_OCEAN', 'BASE']",,True,True,,General,surface,,Land,,,,0.0000%,0.0000%,0.3649%,0.2859%,0.2591%,3.6334%,0.0000%,0.0000%
BIRCH_CAVERNS,"['EQ_CAVE_BIOME', 'BASE_HYDRAXIA']",,,,,,extrusion,,Land,,,,0.0000%,0.0000%,0.0000%,0.0000%,0.0000%,0.0000%,0.0000%,0.0000%
BIRCH_FOREST,"['ENVIRONMENT_LAND_CONTINENTAL_MONSOON', 'EQ_MULTI_TERRACED_LAND', 'CARVING_LAND', 'BASE']",,True,True,,General,surface,,Land,,0.6000,,0.0000%,0.0000%,0.0258%,0.0190%,0.0275%,0.0000%,0.0000%,0.0000%
BIRCH_WOODLANDS,"['BASE_HYDRAXIA', 'EQ_HILLS', 'EQ_CARVING_LAND']",,,,True,General,surface,,Land,,0.5500,,0.0000%,0.0000%,0.0000%,0.0000%,0.0000%,0.0000%,0.0000%,0.0000%
BITTER_HEIGHTS,"['BASE_HYDRAXIA', 'EQ_ALPHA_MOUNTAINS', 'EQ_CARVING_LAND', 'HYDRAXIA_ORES_EMERALD']",,,,True,General,surface,,Land,,,,0.0000%,0.0000%,0.0000%,0.0000%,0.0000%,0.0000%,0.0000%,0.0000%
BLACKSTONE_CAVERNS,"['EQ_CAVE_BIOME', 'BASE_HYDRAXIA']",,,,,,extrusion,,Land,,,,0.0000%,1.0682%,0.0000%,0.0000%,0.0000%,0.0000%,0.0000%,0.0000%
BLACK_FOREST,"['EQ_MOUNTAIN_SPOTS', 'CARVING_LAND', 'BASE']",,True,True,,General,surface,,Land,,0.6000,,0.0000%,0.0000%,0.0000%,0.0000%,0.0092%,0.3086%,0.0000%,0.0000%
BLACK_SAND_BEACH,"['ENVIRONMENT_LAND_MARITIME_DRY', 'EQ_FLAT_BUMPY', 'CARVING_OCEAN', 'BASE']",,True,True,,,surface,,Land,,,,0.0000%,0.0000%,0.0000%,0.0000%,0.0000%,0.0000%,0.0000%,0.0000%
BOREAL_CRATER_LAKE,"['CARVING_NONE', 'BOREAL_EXTINCT_VOLCANO']",,,,,Cold,surface,,Land,0.3000,,,3.9474%,0.0000%,1.0965%,1.0965%,1.0965%,0.0000%,0.0000%,0.0000%
BOREAL_EXTINCT_VOLCANO,"['EQ_VOLCANO', 'CARVING_OCEAN', 'BOREAL_MESA', 'BASE']",,,,,Cold,surface,,Land,0.3000,,,0.0000%,0.0000%,0.7675%,0.7675%,0.7675%,0.0000%,0.0000%,0.0000%
BOREAL_MESA,"['EQ_SPOT_MESA', 'CARVING_OCEAN', 'BASE']",,,,,Cold,surface,,Land,0.3000,,,0.0000%,0.0000%,0.2193%,0.2193%,0.2193%,0.0000%,0.0000%,0.0000%
BOREAL_SHRUBLAND,"['ENVIRONMENT_LAND_CONTINENTAL_HUMID', 'EQ_LAND', 'CARVING_LAND', 'BASE']",,True,True,,Cold,surface,,Land,0.3000,,,0.0000%,0.0000%,0.0117%,0.0086%,0.0135%,0.0000%,0.0000%,0.0000%
BROADLEAF_FOREST,"['ENVIRONMENT_LAND_TEMPERATE_OCEANIC', 'EQ_MULTI_TERRACED_LAND', 'CARVING_LAND', 'BASE']",,True,True,,General,surface,,Land,,0.6000,,0.0000%,0.0000%,0.0505%,0.0372%,0.0372%,0.0000%,0.0000%,0.0000%
CALCITE_CAVERNS,"['EQ_CAVE_BIOME', 'BASE_HYDRAXIA', 'HYDRAXIA_ORES_GEODE']",,,,,,extrusion,,Land,,,,0.0000%,0.5341%,0.0000%,0.0000%,0.0000%,0.0000%,0.0000%,0.0000%
CANOPY_CASCADES,"['EQ_TERRACE_MOUNTAINS', 'CARVING_LAND', 'BASE']",,True,True,,,surface,,Land,,,,0.0000%,0.0000%,0.0000%,0.0000%,0.0964%,0.6216%,0.0000%,0.0000%
CARVING_CREAKS,"['CARVING_LAND', 'BASE']",,True,True,,,surface,,Land,,,,0.0000%,0.0000%,0.0000%,0.0000%,0.0362%,0.6216%,0.0000%,0.0000%
CHAPARRAL,"['ENVIRONMENT_LAND_TEMPERATE_MEDITERRANEAN', 'EQ_LAND', 'CARVING_LAND', 'BASE']",,True,True,,General,surface,,Land,,,,0.0000%,0.0000%,0.0439%,0.0323%,0.0422%,0.0000%,0.0000%,0.0000%
CHILLY_CREEKS,"['EQ_TERRACED_MOUNTAINS_RIVER', 'EQ_CARVING_OCEAN', 'BASE_HYDRAXIA', 'DEPOSITS_RIVER']",,,,,,surface,,Land,,,,0.0000%,0.0000%,0.0000%,0.0000%,0.0000%,0.0000%,0.0000%,0.0000%
CLOUD_FOREST,"['ENVIRONMENT_LAND_TROPICAL_EQUATORIAL', 'EQ_GLOBAL_ERODED_PILLARS', 'CARVING_OCEAN', 'ORES_EMERALD', 'DEPOSITS_INFESTED', 'BASE']",,True,True,,,surface,,Land,,0.6000,,0.0000%,0.0000%,0.0548%,0.0403%,0.0452%,0.0000%,0.0000%,0.0000%
COAST_COLD_A,['BASE'],,,,,General,surface,,Land,0.3500,,,0.0000%,0.0000%,0.0000%,0.0000%,0.0000%,0.0000%,0.0000%,0.0000%
COAST_COLD_B,['BASE'],,,,,General,surface,,Land,0.3500,,,0.0000%,0.0000%,0.0000%,0.0000%,0.0000%,0.0000%,0.0000%,0.0000%
COAST_MEDIUM_A,['BASE'],,,,,General,surface,,Land,,,,0.0000%,0.0000%,0.0000%,0.0000%,0.0000%,0.0000%,0.0000%,0.0000%
COAST_MEDIUM_B,['BASE'],,,,,General,surface,,Land,,,,0.0000%,0.0000%,0.0000%,0.0000%,0.0000%,0.0000%,0.0000%,0.0000%
COAST_WARM_A,['BASE'],,,,,General,surface,,Land,0.6000,,,0.0000%,0.0000%,0.0000%,0.0000%,0.0000%,0.0000%,0.0000%,0.0000%
COAST_WARM_B,['BASE'],,,,,General,surface,,Land,0.6000,,,0.0000%,0.0000%,0.0000%,0.0000%,0.0000%,0.0000%,0.0000%,0.0000%
COLD_CRATER_LAKE,"['CARVING_NONE', 'COLD_EXTINCT_VOLCANO']",,True,True,,,surface,,Land,0.3500,,,3.9474%,0.0000%,1.0965%,1.0965%,1.0965%,0.0000%,0.0000%,0.0000%
COLD_DEEP_DEPTHS,"['COLD_DEEP_OCEAN', 'BASE']",,,,,,surface,,Ocean,0.3500,,0.0000,0.0000%,0.0000%,0.1353%,0.0889%,0.0705%,0.0000%,0.0000%,0.0000%
COLD_DEEP_DEPTHS_TRENCH,"['EQ_OCEAN_TRENCH', 'COLD_DEEP_DEPTHS', 'BASE']",,,,,,surface,,Ocean,0.3500,,0.0000,0.0000%,0.0000%,0.1353%,0.0889%,0.0705%,0.0000%,0.0000%,0.0000%
COLD_DEEP_OCEAN,"['PALETTE_OCEAN', 'ENVIRONMENT_MARINE_OCEAN', 'EQ_DEEP_OCEAN', 'CARVING_OCEAN', 'BASE']",,,,,,surface,,Ocean,0.3500,,0.0000,0.0000%,0.0000%,0.2705%,0.1779%,0.1410%,0.0000%,0.0000%,0.0000%
COLD_DEEP_OCEAN_VENTS,"['EQ_OCEAN_TRENCH', 'COLD_DEEP_OCEAN']",,,,,,surface,,Ocean,0.3500,,0.0000,0.0000%,0.0000%,0.0679%,0.0611%,0.0354%,0.0000%,0.0000%,0.0000%
COLD_DESERT_MESA,"['EQ_SPOT_MESA', 'CARVING_OCEAN', 'SNOWY_MOUNTAINS', 'BASE']",,True,True,,Desert,surface,,Land,0.2500,0.0000,,0.0000%,0.0000%,0.1096%,0.1096%,0.1096%,0.0000%,0.0000%,0.0000%
COLD_EXTINCT_VOLCANO,"['EQ_VOLCANO', 'CARVING_OCEAN', 'SNOWY_MOUNTAINS', 'BASE']",,True,True,,,surface,,Land,0.3500,,,0.0000%,0.0000%,0.7675%,0.7675%,0.7675%,0.0000%,0.0000%,0.0000%
COLD_ISLAND_SHALLOWS,"['COLD_OCEAN', 'EQ_SHALLOW_OCEAN']",,,,,,surface,,Land,0.3500,,0.2500,0.0000%,0.0000%,0.0004%,0.0002%,0.0002%,0.0000%,0.0000%,0.0000%
COLD_OCEAN,"['PALETTE_GRAVEL_OCEAN', 'ENVIRONMENT_MARINE_OCEAN_COLD', 'EQ_GLOBAL_OCEAN', 'CARVING_OCEAN', 'BASE']",,,,,,surface,,Ocean,0.3500,,,0.0000%,0.0000%,0.2037%,0.1834%,0.1063%,0.0000%,0.0000%,0.0000%
COLD_OCEAN_OVERHANGS,"['COLD_OCEAN', 'EQ_SUBMERGED_OVERHANGS']",,,,,,surface,,Ocean,0.3500,,,0.0000%,0.0000%,0.1369%,0.1889%,0.1068%,0.0000%,0.0000%,0.0000%
COLD_OCEAN_SLOPES,"['COLD_OCEAN', 'EQ_SUBMERGED_SPIKES']",,,,,,surface,,Ocean,0.3500,,,0.0000%,0.0000%,0.2705%,0.1779%,0.1057%,0.0000%,0.0000%,0.0000%
COLD_OCEAN_TRENCH,"['EQ_OCEAN_TRENCH', 'COLD_DEEP_OCEAN']",,,,,,surface,,Ocean,0.3500,,0.0000,0.0000%,0.0000%,0.1358%,0.1222%,0.0708%,0.0000%,0.0000%,0.0000%
COLD_RIVER,"['RIVER_DRIPSTONE', 'ENVIRONMENT_MARINE_RIVER_COLD', 'EQ_GLOBAL_RIVER', 'CARVING_OCEAN', 'BASE']",,,,,,surface,,Land,0.3500,,,0.0000%,0.0000%,1.1949%,1.1399%,1.2100%,0.0000%,0.0000%,0.0000%
COLD_STEPPE,"['ENVIRONMENT_LAND_DRY_COLD_SEMI_ARID', 'EQ_LAND', 'CARVING_LAND', 'BASE']",,True,True,,General,surface,,Land,0.3500,0.2000,,0.0000%,0.0000%,0.0907%,0.0667%,0.1047%,0.6110%,0.0000%,0.0000%
CORAL_OCEAN,TROPICAL_OCEAN,,,,,,surface,,Ocean,,,,0.0000%,0.0000%,0.1095%,0.1511%,0.0712%,2.6042%,0.0000%,0.0000%
CORAL_OCEAN_OVERHANGS,"['CORAL_OCEAN', 'EQ_SUBMERGED_OVERHANGS']",,,,,,surface,,Ocean,,,,0.0000%,0.0000%,0.2191%,0.3022%,0.1424%,0.0000%,0.0000%,0.0000%
CORAL_OCEAN_SLOPES,"['CORAL_OCEAN', 'EQ_SUBMERGED_SPIKES']",,,,,,surface,,Ocean,,,,0.0000%,0.0000%,0.7215%,0.4743%,0.4230%,0.0000%,0.0000%,0.0000%
CORAL_OCEAN_TRENCH,"['EQ_OCEAN_TRENCH', 'CORAL_OCEAN']",,,,,,surface,,Ocean,,,0.0000,0.0000%,0.0000%,0.1095%,0.1511%,0.0712%,0.0000%,0.0000%,0.0000%
CRUMBLING_CAVERNS,"['EQ_CAVE_BIOME', 'BASE_HYDRAXIA', 'HYDRAXIA_ORES_GOLD']",,,,,,extrusion,,Land,,,,0.0000%,0.3561%,0.0000%,0.0000%,0.0000%,0.0000%,0.0000%,0.0000%
CRYSTALLINE_CAVERNS,"['EQ_CAVE_BIOME', 'BASE_HYDRAXIA', 'HYDRAXIA_ORES_REDSTONE']",,,,,,extrusion,,Land,,,,0.0000%,0.2670%,0.0000%,0.0000%,0.0000%,0.0000%,0.0000%,0.0000%
DARK_FOREST,"['ENVIRONMENT_LAND_TEMPERATE_OCEANIC', 'EQ_MULTI_TERRACED_LAND', 'CARVING_LAND', 'BASE']",,True,True,,,surface,,Land,,0.6000,,0.0000%,0.0000%,0.0191%,0.0140%,0.0142%,0.0000%,0.0000%,0.0000%
DARK_OAK_CAVERNS,"['EQ_CAVE_BIOME', 'BASE_HYDRAXIA']",,,,,,extrusion,,Land,,,,0.0000%,0.0000%,0.0000%,0.0000%,0.0000%,0.0000%,0.0000%,0.0000%
DARK_OAK_WOODLANDS,"['BASE_HYDRAXIA', 'EQ_HILLS', 'EQ_CARVING_LAND']",,,,True,General,surface,,Land,,0.5500,,0.0000%,0.0000%,0.0000%,0.0000%,0.0000%,0.0000%,0.0000%,0.0000%
DEEP_DARK,"['CAVE', 'BASE']",,,,,,extrusion,,Land,,,0.0000,0.0000%,0.0000%,1.0320%,0.7592%,1.3320%,1.6944%,0.0000%,0.0000%
DEEP_DARK_GROVE,"['CAVE', 'EQ_GLOBAL_OCEAN', 'BASE']",,,,,,extrusion,,Land,,,0.0000,0.0000%,0.0000%,0.0365%,0.0269%,0.0452%,0.3739%,0.0000%,0.0000%
DEEP_DEPTHS,"['DEEP_OCEAN', 'BASE']",,,,,,surface,,Ocean,,,0.0000,0.0000%,0.0000%,0.2705%,0.0889%,0.1410%,0.0000%,0.0000%,0.0000%
DEEP_DEPTHS_TRENCH,"['EQ_OCEAN_TRENCH', 'DEEP_DEPTHS', 'BASE']",,,,,,surface,,Ocean,,,0.0000,0.0000%,0.0000%,0.2705%,0.0889%,0.1410%,0.0000%,0.0000%,0.0000%
DEEP_OCEAN,"['EQ_DEEP_OCEAN', 'OCEAN']",,,,,,surface,,Ocean,,,0.0000,0.0000%,0.0000%,0.5411%,0.1779%,0.2820%,3.9062%,0.0000%,0.0000%
DEEP_OCEAN_VENTS,"['EQ_OCEAN_TRENCH', 'DEEP_OCEAN', 'CARVING_OCEAN']",,,,,,surface,,Ocean,,,0.0000,0.0000%,0.0000%,0.3533%,0.3623%,0.1982%,0.0000%,0.0000%,0.0000%
DENSELY_WOODED_HIGHLANDS,"['ENVIRONMENT_LAND_TEMPERATE_OCEANIC', 'EQ_LAND', 'CARVING_LAND', 'ORES_EMERALD', 'DEPOSITS_INFESTED', 'BASE']",,True,True,,General,surface,,Land,,,0.7500,0.0000%,0.0000%,0.0317%,0.0233%,0.0287%,0.0000%,0.0000%,0.0000%
DESERT,"['COLOR_XERIC', 'ENVIRONMENT_LAND_DRY_WHITE_DESERT', 'EQ_GLOBAL_DUNES', 'CARVING_LAND', 'BASE']",,True,True,,Desert,surface,,Land,0.7000,0.0000,,0.0000%,0.0000%,0.0571%,0.0420%,0.0659%,0.2234%,0.0000%,0.0000%
DESERT_CRATER_LAKE,"['CARVING_NONE', 'DESERT_EXTINCT_VOLCANO']",,True,True,,Desert,surface,,Land,0.7000,0.0000,,3.9474%,0.0000%,1.6447%,1.6447%,1.6447%,0.0000%,0.0000%,0.0000%
DESERT_EXTINCT_VOLCANO,"['EQ_VOLCANO', 'CARVING_OCEAN', 'ROCKY_DESERT', 'BASE']",,True,True,,Desert,surface,,Land,0.7000,0.0000,,0.0000%,0.0000%,0.5757%,0.5757%,0.5757%,0.0000%,0.0000%,0.0000%
DESERT_MESA,"['EQ_SPOT_MESA', 'CARVING_OCEAN', 'ROCKY_DESERT', 'BASE']",,True,True,,Desert,surface,,Land,0.7000,0.0000,,0.0000%,0.0000%,0.1645%,0.1645%,0.0822%,0.0000%,0.0000%,0.0000%
DESERT_PILLARS,"['COLOR_XERIC', 'ENVIRONMENT_LAND_DRY_WHITE_DESERT', 'EQ_GLOBAL_ERODED_PILLARS', 'CARVING_OCEAN', 'BASE']",,True,True,,Desert,surface,,Land,0.7000,0.0000,,0.0000%,0.0000%,0.0218%,0.0161%,0.0226%,0.0000%,0.0000%,0.0000%
DESERT_RIVER,"['EQ_GLOBAL_RIVER', 'CARVING_OCEAN', 'DESERT']",,True,True,,Desert,surface,,Land,0.7000,0.0000,,0.0000%,0.0000%,2.6273%,2.3773%,2.4977%,1.4860%,0.0000%,0.0000%
DESERT_SPIKES,"['COLOR_XERIC', 'ENVIRONMENT_LAND_DRY_WHITE_DESERT', 'EQ_SPIKES', 'CARVING_LAND', 'BASE']",,True,True,,Desert,surface,,Land,0.7000,0.0000,,0.0000%,0.0000%,0.0218%,0.0161%,0.0226%,0.0000%,0.0000%,0.0000%
DESERT_SPIKES_GOLD,DESERT_SPIKES,,True,True,,Desert,surface,,Land,0.7000,0.0000,,0.0000%,0.0000%,0.0218%,0.0161%,0.0226%,0.2962%,0.0000%,0.0000%
DESERT_TERRACES,"['ENVIRONMENT_LAND_DRY_WHITE_DESERT', 'EQ_STRATIFIED_LAND', 'CARVING_LAND', 'BASE']",,True,True,,Desert,surface,,Land,0.7000,0.0000,,0.0000%,0.0000%,0.0218%,0.0161%,0.0226%,0.0000%,0.0000%,0.0000%
DIKSAM_PLATEAU,"['COLOR_XERIC', 'ENVIRONMENT_LAND_DRY_WARM_SEMI_ARID', 'EQ_ROCKY_BUTTES', 'CARVING_LAND', 'ORES_EMERALD', 'DEPOSITS_INFESTED', 'BASE']",,True,True,,,surface,,Land,,,,0.0000%,0.0000%,0.0388%,0.0285%,0.0447%,0.0000%,0.0000%,0.0000%
DIORITE_CAVERNS,"['EQ_CAVE_BIOME', 'BASE_HYDRAXIA']",,,,,,extrusion,,Land,,,,0.0000%,1.0682%,0.0000%,0.0000%,0.0000%,0.0000%,0.0000%,0.0000%
DRAFTY_STREAMS,"['BASE_HYDRAXIA', 'EQ_RIVER', 'EQ_CARVING_OCEAN', 'DEPOSITS_RIVER']",,,,,,surface,,Land,,,,0.0000%,0.0000%,0.0000%,0.0000%,0.0000%,0.0000%,0.0000%,0.0000%
DRIPSTONE_CAVERNS,"['EQ_CAVE_BIOME', 'BASE_HYDRAXIA']",,,,,,extrusion,,Land,,,,0.0000%,1.3352%,0.0000%,0.0000%,0.0000%,0.0000%,0.0000%,0.0000%
DRIPSTONE_CAVES,"['CAVE', 'BASE']",,,,,,extrusion,,Land,,,,6.9079%,3.3125%,2.7625%,2.3927%,2.6744%,3.0926%,0.0000%,0.0000%
DRYBRUSH,"['COLOR_XERIC', 'ENVIRONMENT_LAND_DRY_WARM_SEMI_ARID', 'EQ_LAND', 'CARVING_LAND', 'BASE']",,True,True,,Desert,surface,,Land,,0.2500,,0.0000%,0.0000%,0.0329%,0.0242%,0.0253%,0.0000%,0.0000%,0.0000%
DRY_FIR_FIELDS,"['ENVIRONMENT_LAND_DRY_COLD_SEMI_ARID', 'EQ_LAND', 'CARVING_LAND', 'BASE']",,True,True,,General,surface,Land,Land,,0.2500,,0.0000%,23.5000%,0.0349%,0.0257%,0.0403%,0.0000%,0.0000%,0.0000%
DRY_PALM_FOREST,"['COLOR_XERIC', 'ENVIRONMENT_LAND_DRY_WARM_SEMI_ARID', 'EQ_BUTTES', 'CARVING_LAND', 'BASE']",,True,True,,Desert,surface,,Land,,0.2500,,0.0000%,0.0000%,0.0097%,0.0048%,0.0089%,0.0000%,0.0000%,0.0000%
DRY_TEMPERATE_MOUNTAINS,"['ENVIRONMENT_LAND_TEMPERATE_OCEANIC', 'EQ_MULTI_TERRACED_LAND', 'CARVING_LAND', 'ORES_EMERALD', 'DEPOSITS_INFESTED', 'BASE']",,True,True,,,surface,,Land,0.5000,0.2500,0.8500,0.0000%,0.0000%,0.0329%,0.0242%,0.0380%,0.0000%,0.0000%,0.0000%
DRY_TEMPERATE_MOUNTAINS_RIVER,"['RIVER_DRIPSTONE', 'EQ_GLOBAL_RIVER', 'CARVING_OCEAN', 'DRY_TEMPERATE_MOUNTAINS']",,True,True,,,surface,,Land,0.5000,0.2500,0.8500,0.0000%,0.0000%,0.0329%,0.0242%,0.0380%,0.0000%,0.0000%,0.0000%
DRY_TEMPERATE_WHITE_MOUNTAINS,DRY_TEMPERATE_MOUNTAINS,,True,True,,,surface,,Land,0.5000,0.2500,0.8500,0.0000%,0.0000%,0.0329%,0.0242%,0.0380%,0.0000%,0.0000%,0.0000%
DRY_TEMPERATE_WHITE_MOUNTAINS_RIVER,"['RIVER_DRIPSTONE', 'EQ_GLOBAL_RIVER', 'CARVING_OCEAN', 'DRY_TEMPERATE_WHITE_MOUNTAINS']",,True,True,,,surface,,Land,0.5000,0.2500,0.8500,0.0000%,0.0000%,0.0329%,0.0242%,0.0380%,0.0000%,0.0000%,0.0000%
DRY_WOODLANDS,"['ENVIRONMENT_LAND_TROPICAL_MONSOON', 'EQ_LAND', 'CARVING_LAND', 'BASE']",,True,True,,,surface,,Land,,0.2500,,0.0000%,0.0000%,0.1593%,0.1172%,0.1373%,0.0000%,0.0000%,0.0000%
ENCHANTED_CAVERNS,"['EQ_CAVE_BIOME', 'BASE_HYDRAXIA', 'HYDRAXIA_ORES_EMERALD']",,,,,,extrusion,,Land,,,,0.0000%,0.0000%,0.0000%,0.0000%,0.0000%,0.0000%,0.0000%,0.0000%
ENCHANTED_WOODLANDS,"['BASE_HYDRAXIA', 'EQ_TERRACED_MOUNTAINS', 'EQ_CARVING_LAND', 'HYDRAXIA_ORES_EMERALD']",,,,True,,surface,,Land,,0.5500,,0.0000%,0.0000%,0.0000%,0.0000%,0.0000%,0.0000%,0.0000%,0.0000%
ERUPTED_VOLCANO,"['EQ_VOLCANO', 'CARVING_NONE', 'BASE']",,,,,,surface,,Land,,,,0.0000%,0.0000%,7.0175%,7.0175%,7.0175%,0.0000%,0.0000%,0.0000%
FIRMIHIN_FOREST,"['COLOR_XERIC', 'ENVIRONMENT_LAND_DRY_WARM_SEMI_ARID', 'EQ_MULTI_TERRACED_LAND', 'CARVING_LAND', 'BASE']",,True,True,,Desert,surface,,Land,,0.6000,,0.0000%,0.0000%,0.0097%,0.0071%,0.0089%,0.0000%,0.0000%,0.0000%
FIR_FIELDS,"['ENVIRONMENT_LAND_CONTINENTAL_HUMID', 'EQ_LAND', 'CARVING_LAND', 'BASE']",,True,True,,Cold,surface,,Land,,,,0.0000%,0.0000%,0.0361%,0.0266%,0.0388%,0.0000%,0.0000%,0.0000%
FIR_HIGHLANDS,"['BASE_HYDRAXIA', 'EQ_ALPHA_MOUNTAINS', 'EQ_CARVING_LAND', 'HYDRAXIA_ORES_MOUNTAINS']",,,,True,General,surface,,Land,,,0.7500,0.0000%,0.0000%,0.0000%,0.0000%,0.0000%,0.0000%,0.0000%,0.0000%
FLOWERING_FOREST,"['ENVIRONMENT_LAND_TEMPERATE_SUBTROPICAL_HUMID', 'BROADLEAF_FOREST']",,True,True,,General,surface,,Land,,0.6000,,0.0000%,0.0000%,0.0670%,0.0493%,0.0648%,0.1972%,0.0000%,0.0000%
FOLIAGE_FORTRESS_INNER,"['CARVING_LAND', 'BASE']",,True,True,,,surface,,Land,,,,0.0000%,0.0000%,0.0000%,0.0000%,0.0057%,0.0986%,0.0000%,0.0000%
FOLIAGE_FORTRESS_MIDDLE,"['CARVING_LAND', 'BASE']",,True,True,,,surface,,Land,,,,0.0000%,0.0000%,0.0000%,0.0000%,0.0057%,0.0986%,0.0000%,0.0000%
FOLIAGE_FORTRESS_OUTER,"['CARVING_LAND', 'BASE']",,True,True,,General,surface,,Land,,,,0.0000%,0.0000%,0.0000%,0.0000%,0.0057%,0.3086%,0.0000%,0.0000%
FOSSILIZED_FENLANDS,"['CARVING_LAND', 'BASE']",,True,True,,General,surface,,Land,,,,0.0000%,0.0000%,0.0000%,0.0000%,0.0159%,0.5058%,0.0000%,0.0000%
FRIGID_WASTELANDS,"['BASE_HYDRAXIA', 'EQ_ALPHA_MOUNTAINS', 'EQ_CARVING_LAND', 'HYDRAXIA_ORES_COAL']",,,,True,General,surface,Land,Land,,,,0.0000%,23.5000%,0.0000%,0.0000%,0.0000%,0.0000%,0.0000%,0.0000%
FROSTBITE_RIVERS,"['EQ_TERRACED_MOUNTAINS_RIVER', 'EQ_CARVING_OCEAN']",,,,,,surface,,Land,,,,0.0000%,0.0000%,0.0000%,0.0000%,0.0000%,0.0000%,0.0000%,0.0000%
FROSTBOUND_CHASMS,"['BASE_HYDRAXIA', 'EQ_CHASMS', 'HYDRAXIA_ORES_MOUNTAINS']",,,,,,surface,,Land,,,,0.0000%,0.0000%,0.0000%,0.0000%,0.0000%,0.0000%,0.0000%,0.0000%
FROSTCOATED_BOG,"['BASE_HYDRAXIA', 'EQ_BOG', 'EQ_CARVING_LAND']",,,,True,,surface,,Land,,0.8500,,0.0000%,0.0000%,0.0000%,0.0000%,0.0000%,0.0000%,0.0000%,0.0000%
FROSTED_CAVERNS,"['EQ_CAVE_BIOME', 'BASE_HYDRAXIA']",,,,,,extrusion,,Land,,,,0.0000%,3.2045%,0.0000%,0.0000%,0.0000%,0.0000%,0.0000%,0.0000%
FROSTY_FINGERS,"['COLOR_FROZEN', 'SNOWY_PLAINS']",,True,True,,General,surface,,Land,,,,0.0000%,0.0000%,0.0000%,0.0000%,0.1309%,0.6210%,0.0000%,0.0000%
FROZEN_ARCHIPELAGO,"['COLOR_FROZEN', 'ENVIRONMENT_LAND_MARITIME_FROZEN', 'EQ_ERODED_COAST', 'CARVING_OCEAN', 'BASE']",,True,True,,,surface,,Land,0.0500,,,0.0000%,0.0000%,0.0000%,0.0939%,0.0000%,0.0000%,0.0000%,0.0000%
FROZEN_BEACH,"['COLOR_FROZEN', 'ENVIRONMENT_LAND_MARITIME_FROZEN', 'EQ_FLAT_ERODED', 'CARVING_OCEAN', 'BASE']",,True,True,,,surface,,Land,0.0500,,,0.0000%,0.0000%,0.1200%,0.0940%,0.0654%,0.0000%,0.0000%,0.0000%
FROZEN_DEEP_DEPTHS,"['FROZEN_DEEP_OCEAN', 'BASE']",,,,,,surface,,Ocean,0.0500,,0.0000,0.0000%,0.0000%,0.1353%,0.0889%,0.0705%,0.0000%,0.0000%,0.0000%
FROZEN_DEEP_DEPTHS_TRENCH,"['EQ_OCEAN_TRENCH', 'FROZEN_DEEP_DEPTHS', 'BASE']",,,,,,surface,,Ocean,0.0500,,0.0000,0.0000%,0.0000%,0.1353%,0.0889%,0.0705%,0.0000%,0.0000%,0.0000%
FROZEN_DEEP_OCEAN,"['EQ_GLOBAL_OCEAN', 'FROZEN_OCEAN']",,,,,,surface,,Ocean,0.0500,,0.0000,0.0000%,0.0000%,0.2705%,0.1779%,0.1410%,0.0000%,0.0000%,0.0000%
FROZEN_DEEP_OCEAN_VENTS,"['EQ_OCEAN_TRENCH', 'FROZEN_DEEP_OCEAN']",,,,,,surface,,Ocean,0.0500,,0.0000,0.0000%,0.0000%,0.1684%,0.1134%,0.0869%,0.0000%,0.0000%,0.0000%
FROZEN_FUNGI,"['EQ_TILTED_PLATEAU', 'CARVING_LAND', 'BASE']",,True,True,,,surface,,Land,0.0500,,,0.0000%,0.0000%,0.0000%,0.0000%,0.0354%,0.3205%,0.0000%,0.0000%
FROZEN_FUNGI_RIVER,"['MOUNTAIN_RIVER_FROZEN', 'EQ_GLOBAL_RIVER', 'FROZEN_FUNGI']",,True,True,,,surface,,Land,0.0500,,,0.0000%,0.0000%,0.0000%,0.0000%,0.0354%,0.3205%,0.0000%,0.0000%
FROZEN_ISLAND_SHALLOWS,"['FROZEN_OCEAN', 'EQ_SHALLOW_OCEAN']",,,,,,surface,,Land,0.0500,,0.2500,0.0000%,0.0000%,0.0004%,0.0002%,0.0002%,0.0000%,0.0000%,0.0000%
FROZEN_MARSH,"['COLOR_FROZEN', 'ENVIRONMENT_LAND_MARITIME_FROZEN', 'EQ_WARPED_WETLANDS', 'CARVING_OCEAN', 'BASE']",,True,True,,,surface,,Land,0.0500,0.8500,,0.0000%,0.0000%,0.2763%,0.2090%,0.2043%,0.3055%,0.0000%,0.0000%
FROZEN_OCEAN,"['PALETTE_GRAVEL_OCEAN', 'ENVIRONMENT_MARINE_OCEAN_FROZEN', 'EQ_GLOBAL_OCEAN', 'CARVING_OCEAN', 'BASE']",,,,,,surface,,Ocean,0.0500,,,0.0000%,0.0000%,0.5051%,0.3401%,0.2608%,3.1250%,0.0000%,0.0000%
FROZEN_OCEAN_OVERHANGS,"['FROZEN_OCEAN', 'EQ_SUBMERGED_OVERHANGS']",,,,,,surface,,Ocean,0.0500,,,0.0000%,0.0000%,0.2788%,0.1889%,0.2195%,0.0000%,0.0000%,0.0000%
FROZEN_OCEAN_SLOPES,"['FROZEN_OCEAN', 'EQ_SUBMERGED_SPIKES']",,,,,,surface,,Ocean,0.0500,,,0.0000%,0.0000%,0.1804%,0.1186%,0.0846%,0.0000%,0.0000%,0.0000%
FROZEN_OCEAN_TRENCH,"['EQ_OCEAN_TRENCH', 'FROZEN_DEEP_OCEAN']",,,,,,surface,,Ocean,0.0500,,0.0000,0.0000%,0.0000%,0.3368%,0.2267%,0.1739%,0.0000%,0.0000%,0.0000%
FROZEN_RIVER,"['COLOR_FROZEN', 'RIVER_FROZEN', 'ENVIRONMENT_MARINE_RIVER_FROZEN', 'EQ_GLOBAL_RIVER', 'CARVING_OCEAN', 'BASE']",,,,,,surface,,Land,0.0500,,,0.0000%,0.0000%,1.7497%,1.6126%,1.5541%,1.6977%,0.0000%,0.0000%
FROZEN_SPIRES,"['BASE_HYDRAXIA', 'EQ_SMALL_MOUNTAINS', 'EQ_CARVING_LAND', 'HYDRAXIA_ORES_MOUNTAINS']",,,,True,,surface,,Land,0.0500,,,0.0000%,0.0000%,0.0000%,0.0000%,0.0000%,0.0000%,0.0000%,0.0000%
FUNGAL_CAVERNS,"['EQ_CAVE_BIOME', 'BASE_HYDRAXIA']",,,,,,extrusion,,Land,,,,0.0000%,0.5341%,0.0000%,0.0000%,0.0000%,0.0000%,0.0000%,0.0000%
GALLERY_FOREST,"['ENVIRONMENT_LAND_MARITIME_WET', 'EQ_WARPED_WETLANDS', 'CARVING_OCEAN', 'BASE']",,True,True,,,surface,,Land,,0.6000,,0.0000%,0.0000%,3.0602%,2.8648%,2.9920%,1.1169%,0.0000%,0.0000%
GLACIAL_OVERHANGS,"['BASE_HYDRAXIA', 'EQ_GLACIAL_OVERHANGS', 'EQ_CARVING_LAND']",,,,True,,surface,,Land,,,,0.0000%,0.0000%,0.0000%,0.0000%,0.0000%,0.0000%,0.0000%,0.0000%
GLOOMY_GORGE,"['EQ_ERODED_VALLEY_MOUNTAINS', 'CARVING_LAND', 'BASE']",,True,True,,,surface,,Land,,,,0.0000%,0.0000%,0.0000%,0.0000%,0.0092%,0.4072%,0.0000%,0.0000%
GLOOMY_GORGE_RIVER,"['RIVER', 'GLOOMY_GORGE']",,True,True,,,surface,,Land,,,,0.0000%,0.0000%,0.0000%,0.0000%,0.0092%,0.4072%,0.0000%,0.0000%
GRANITE_CAVERNS,"['EQ_CAVE_BIOME', 'BASE_HYDRAXIA']",,,,,,extrusion,,Land,,,,0.0000%,1.0682%,0.0000%,0.0000%,0.0000%,0.0000%,0.0000%,0.0000%
GRASS_SAVANNA,SAVANNA,,True,True,,,surface,,Land,0.8000,0.4000,,0.0000%,0.0000%,0.1316%,0.0968%,0.1266%,0.0000%,0.0000%,0.0000%
HIGHLANDS,"['ENVIRONMENT_LAND_TEMPERATE_OCEANIC', 'EQ_LAND', 'CARVING_LAND', 'ORES_EMERALD', 'DEPOSITS_INFESTED', 'BASE']",,True,True,,,surface,,Land,,,0.7500,0.0000%,0.0000%,0.0317%,0.0233%,0.0287%,0.0000%,0.0000%,0.0000%
HIGHLANDS_RIVER,"['RIVER_DRIPSTONE', 'EQ_GLOBAL_RIVER', 'CARVING_OCEAN', 'HIGHLANDS']",,True,True,,,surface,,Land,,,0.7500,0.0000%,0.0000%,0.0317%,0.0233%,0.0287%,0.0000%,0.0000%,0.0000%
ICEBERG_OCEAN,"['FROZEN_OCEAN', 'EQ_GLOBAL_OCEAN']",,,,,,surface,,Ocean,0.1000,,,0.0000%,0.0000%,0.1804%,0.1186%,0.2749%,2.0833%,0.0000%,0.0000%
ICEBOUND_JUNGLE,"['EQ_TERRACED_MOUNTAINS', 'BASE_HYDRAXIA', 'EQ_CARVING_LAND', 'HYDRAXIA_ORES_MOUNTAINS']",,,,True,General,surface,,Land,0.1000,0.8500,,0.0000%,0.0000%,0.0000%,0.0000%,0.0000%,0.0000%,0.0000%,0.0000%
ICE_CAPS,"['COLOR_FROZEN', 'ENVIRONMENT_LAND_POLAR_ICE_CAP', 'EQ_LAND', 'ORES_EMERALD', 'DEPOSITS_INFESTED', 'CARVING_LAND', 'BASE']",,True,True,,,surface,,Land,0.0000,,,0.0000%,0.0000%,0.1316%,0.0968%,0.1012%,0.0000%,0.0000%,0.0000%
ICE_CAVES,"['CAVE', 'BASE']",,,,,,extrusion,,Land,0.1000,,,2.7632%,0.0000%,1.0814%,1.0316%,0.9931%,0.4277%,0.0000%,0.0000%
ICE_MUSHROOM_CAVES,['MUSHROOM_CAVES'],,,,,,extrusion,,Land,0.1000,,,0.0000%,0.0000%,0.2201%,0.3081%,0.1761%,0.0000%,0.0000%,0.0000%
ICE_SPIKES,"['COLOR_FROZEN', 'ENVIRONMENT_LAND_POLAR_ICE_CAP', 'EQ_SPIKES', 'SNOWY_PLAINS']",,True,True,,,surface,,Land,0.1000,,,0.0000%,0.0000%,0.0247%,0.0181%,0.0285%,0.0000%,0.0000%,0.0000%
ICY_INCISIONS,"['EQ_CANYON', 'CARVING_LAND', 'BASE']",,,,,,surface,,Land,0.1000,,,0.0000%,0.0000%,0.0000%,2.1001%,0.2449%,8.2418%,0.0000%,0.0000%
INFERNO_ISLES,['ORES_DEFAULT'],,,,,,extrusion,,Land,,,,7.8947%,4.4167%,0.0000%,3.0596%,3.5437%,4.1235%,0.0000%,0.0000%
ISLAND_SHALLOWS,"['OCEAN', 'EQ_SHALLOW_OCEAN']",,,,,,surface,,Land,,,0.2500,0.0000%,0.0000%,0.0008%,0.0002%,0.0004%,0.0000%,0.0000%,0.0000%
JUNGLE,"['ENVIRONMENT_LAND_TROPICAL_EQUATORIAL', 'EQ_MULTI_TERRACED_LAND', 'CARVING_LAND', 'BASE']",,True,True,,,surface,,Land,0.8500,0.8500,,0.0000%,0.0000%,0.0331%,0.0243%,0.0353%,0.0000%,0.0000%,0.0000%
JUNGLE_CAVERNS,"['EQ_CAVE_BIOME', 'BASE_HYDRAXIA']",,,,,,extrusion,,Land,0.8500,0.8500,,0.0000%,0.0000%,0.0000%,0.0000%,0.0000%,0.0000%,0.0000%,0.0000%
JUNGLE_CAVES,"['CAVE', 'BASE', 'MOB_JUNGLE']",,,,,,extrusion,,Land,0.8500,0.8500,,0.0000%,0.0000%,0.3083%,0.2268%,0.2901%,0.2618%,0.0000%,0.0000%
KELP_FOREST,"['PALETTE_SAND_OCEAN', 'ENVIRONMENT_MARINE_OCEAN', 'EQ_GLOBAL_OCEAN', 'CARVING_OCEAN', 'BASE']",,,,,,surface,,Ocean,,0.6000,,0.0000%,0.0000%,0.1369%,0.1438%,0.0854%,0.0000%,0.0000%,0.0000%
KELP_FOREST_GRAVEL,"['PALETTE_GRAVEL_OCEAN', 'ENVIRONMENT_MARINE_OCEAN', 'EQ_GLOBAL_OCEAN', 'CARVING_OCEAN', 'BASE']",,,,,,surface,,Ocean,,0.6000,,0.0000%,0.0000%,0.1353%,0.1864%,0.0705%,0.0000%,0.0000%,0.0000%
LAND_COLD_A,['BASE'],,,,,General,surface,,Land,0.3500,,,0.0000%,0.0000%,0.0000%,0.0000%,0.0000%,0.0000%,0.0000%,0.0000%
LAND_COLD_B,['BASE'],,,,,General,surface,,Land,0.3500,,,0.0000%,0.0000%,0.0000%,0.0000%,0.0000%,0.0000%,0.0000%,0.0000%
LAND_GLACIER,"['COLOR_FROZEN', 'ENVIRONMENT_LAND_POLAR_TUNDRA', 'EQ_ELEVATED_LANDSCAPES', 'SNOWY_PLAINS']",,True,True,,,surface,,Land,,,,0.0000%,0.0000%,0.1151%,0.0847%,0.1329%,0.0000%,0.0000%,0.0000%
LAND_GLACIER_RIVER,"['RIVER_FROZEN', 'EQ_GLOBAL_RIVER', 'CARVING_OCEAN', 'LAND_GLACIER']",,True,True,,,surface,,Land,,,,0.0000%,0.0000%,0.1151%,0.0847%,0.1329%,0.0000%,0.0000%,0.0000%
LAND_MEDIUM_A,['BASE'],,,,,General,surface,,Land,,,,0.0000%,0.0000%,0.0000%,0.0000%,0.0000%,0.0000%,0.0000%,0.0000%
LAND_MEDIUM_B,['BASE'],,,,,General,surface,,Land,,,,0.0000%,0.0000%,0.0000%,0.0000%,0.0000%,0.0000%,0.0000%,0.0000%
LAND_WARM_A,['BASE'],,,,,General,surface,,Land,0.6000,,,0.0000%,0.0000%,0.0000%,0.0000%,0.0000%,0.0000%,0.0000%,0.0000%
LAND_WARM_B,['BASE'],,,,,General,surface,,Land,0.6000,,,0.0000%,0.0000%,0.0000%,0.0000%,0.0000%,0.0000%,0.0000%,0.0000%
LAVA_TUBES,"['CAVE', 'BASE']",,,,,,extrusion,,Land,,,,0.0000%,0.0000%,7.0175%,7.0175%,7.0175%,0.0000%,0.0000%,0.0000%
LAVENDER_CAVERNS,"['EQ_CAVE_BIOME', 'BASE_HYDRAXIA', 'HYDRAXIA_ORES_GEODE']",,,,,,extrusion,,Land,,,,0.0000%,0.5341%,0.0000%,0.0000%,0.0000%,0.0000%,0.0000%,0.0000%
LAVENDER_CRAGS,"['BASE_HYDRAXIA', 'EQ_TERRACED_MOUNTAINS', 'EQ_CARVING_LAND', 'HYDRAXIA_ORES_GEODE']",,,,True,,surface,,Land,,,,0.0000%,0.0000%,0.0000%,0.0000%,0.0000%,0.0000%,0.0000%,0.0000%
LAVENDER_FIELDS,"['BASE_HYDRAXIA', 'EQ_BOG', 'EQ_CARVING_LAND', 'HYDRAXIA_ORES_GEODE']",,,,True,General,surface,,Land,,,,0.0000%,0.0000%,0.0000%,0.0000%,0.0000%,0.0000%,0.0000%,0.0000%
LOOPS_RIVER,"['RIVER', 'LUSH_LOOPS']",,True,True,,,surface,,Land,,,,0.0000%,0.0000%,0.0000%,0.0000%,0.0482%,0.3108%,0.0000%,0.0000%
LUKEWARM_RIVER,"['RIVER_BASIC', 'ENVIRONMENT_MARINE_RIVER_LUKEWARM', 'EQ_GLOBAL_RIVER', 'CARVING_OCEAN', 'BASE']",,,,,,surface,,Land,0.6000,,,0.0000%,0.0000%,0.5232%,0.3849%,0.4602%,0.0000%,0.0000%,0.0000%
LUSH_CAVERNS,"['EQ_CAVE_BIOME', 'BASE_HYDRAXIA']",,,,,,extrusion,,Land,,,,0.0000%,1.0682%,0.0000%,0.0000%,0.0000%,0.0000%,0.0000%,0.0000%
LUSH_CAVES,"['CAVE', 'BASE']",,,,,,extrusion,,Land,,,,6.9079%,3.3125%,2.7625%,2.3927%,2.6744%,3.0926%,0.0000%,0.0000%
LUSH_LOOPS,"['CARVING_LAND', 'BASE']",,True,True,,,surface,,Land,,,,0.0000%,0.0000%,0.0000%,0.0000%,0.0482%,0.3108%,0.0000%,0.0000%
LUSH_SEA_CAVES,"['ENVIRONMENT_LAND_MARITIME_WET', 'EQ_ERODED_COAST', 'CARVING_OCEAN', 'BASE']",,True,True,,General,surface,,Ocean,,,,0.0000%,0.0000%,1.1523%,0.9027%,0.7067%,0.0000%,0.0000%,0.0000%
MAGMA_CAVERNS,"['EQ_CAVE_BIOME', 'BASE_HYDRAXIA']",,,,,,extrusion,,Land,,,,0.0000%,0.8011%,0.0000%,0.0000%,0.0000%,0.0000%,0.0000%,0.0000%
MANGROVE_CAVERNS,"['EQ_CAVE_BIOME', 'BASE_HYDRAXIA']",,,,,,extrusion,,Land,,,,0.0000%,0.0000%,0.0000%,0.0000%,0.0000%,0.0000%,0.0000%,0.0000%
MANGROVE_SWAMP,"['ENVIRONMENT_LAND_MARITIME_WET', 'EQ_MANGROVE_SWAMP', 'CARVING_OCEAN', 'BASE']",,True,True,,General,surface,,Land,,0.9000,,0.0000%,0.0000%,0.0000%,0.0000%,0.3926%,0.5952%,0.0000%,0.0000%
MAPLE_CAVERNS,"['EQ_CAVE_BIOME', 'BASE_HYDRAXIA']",,,,,,extrusion,,Land,,,,0.0000%,0.0000%,0.0000%,0.0000%,0.0000%,0.0000%,0.0000%,0.0000%
MAPLE_GROVE,"['ENVIRONMENT_LAND_CONTINENTAL_HUMID', 'EQ_LAND', 'CARVING_LAND', 'BASE']",,True,True,,Cold,surface,,Land,,,,0.0000%,0.0000%,0.0125%,0.0092%,0.0130%,0.0000%,0.0000%,0.0000%
MAPLE_WOODLANDS,"['BASE_HYDRAXIA', 'EQ_HILLS', 'EQ_CARVING_LAND']",,,,True,General,surface,,Land,,0.5500,,0.0000%,0.0000%,0.0000%,0.0000%,0.0000%,0.0000%,0.0000%,0.0000%
MARINE_MONOLITHS,"['CARVING_LAND', 'BASE']",,,,,,surface,,Land,,,,0.0000%,0.0000%,0.0000%,0.0000%,0.2834%,1.5278%,0.0000%,0.0000%
MARSH,"['ENVIRONMENT_LAND_MARITIME_WET', 'EQ_WARPED_WETLANDS', 'CARVING_OCEAN', 'BASE']",,True,True,,,surface,,Land,,0.8500,,0.0000%,0.0000%,0.4584%,0.3545%,0.3711%,0.0000%,0.0000%,0.0000%
MESA_MONUMENTS,"['EQ_PILLARS', 'COLOR_XERIC', 'CARVING_LAND', 'BASE']",,True,True,,General,surface,,Land,,,,0.0000%,0.0000%,0.0000%,0.0000%,0.3922%,0.7479%,0.0000%,0.0000%
MONSOON_FOREST,"['ENVIRONMENT_LAND_TROPICAL_EQUATORIAL', 'EQ_MULTI_TERRACED_LAND', 'CARVING_LAND', 'BASE']",,True,True,,,surface,,Land,0.8500,0.6000,,0.0000%,0.0000%,0.1593%,0.1172%,0.1373%,0.0000%,0.0000%,0.0000%
MONTANE_FOREST,"['COLOR_FROZEN', 'ENVIRONMENT_LAND_CONTINENTAL_SUBARCTIC', 'EQ_LAND', 'CARVING_LAND', 'BASE']",,True,True,,,surface,,Land,,0.6000,,0.0000%,0.0000%,0.0137%,0.0101%,0.0101%,0.0000%,0.0000%,0.0000%
MOORLAND,"['ENVIRONMENT_LAND_TEMPERATE_MEDITERRANEAN', 'EQ_LAND', 'CARVING_LAND', 'BASE']",,True,True,,General,surface,,Land,,,,0.0000%,0.0000%,0.0570%,0.0419%,0.0548%,0.0000%,0.0000%,0.0000%
MOUNTAINS,"['ENVIRONMENT_LAND_CONTINENTAL_HUMID', 'EQ_LAND', 'CARVING_LAND', 'ORES_EMERALD', 'DEPOSITS_INFESTED', 'BASE']",,True,True,,,surface,,Land,,,0.8500,0.0000%,0.0000%,0.1306%,0.0961%,0.0805%,0.0000%,0.0000%,0.0000%
MOUNTAINS_RIVER,"['RIVER_DRIPSTONE', 'EQ_GLOBAL_RIVER', 'CARVING_OCEAN', 'MOUNTAINS']",,True,True,,,surface,,Land,,,0.8500,0.0000%,0.0000%,0.1306%,0.0961%,0.0805%,0.0000%,0.0000%,0.0000%
MOUNTAIN_MIRRORS,"['EQ_TERRACE_MOUNTAINS', 'CARVING_LAND', 'BASE']",,True,True,,,surface,,Land,,,0.8500,0.0000%,0.0000%,0.0000%,0.0000%,0.0401%,0.3205%,0.0000%,0.0000%
MOUNTAIN_MIRRORS_RIVER,"['RIVER_FROZEN', 'MOUNTAIN_MIRRORS']",,True,True,,,surface,,Land,,,0.8500,0.0000%,0.0000%,0.0000%,0.0000%,0.0401%,0.3205%,0.0000%,0.0000%
MOUNTAIN_RIVER_FROZEN,"['RIVER_FROZEN', 'SNOWY_MOUNTAINS']",,True,True,,,surface,,Land,0.0500,,0.8500,0.0000%,0.0000%,0.0000%,0.0000%,0.0000%,0.0000%,0.0000%,0.0000%
MUDDY_COASTS,"['ENVIRONMENT_LAND_MARITIME_WET', 'EQ_LAND_SHORE_BUMPY', 'CARVING_OCEAN', 'BASE']",,True,True,,,surface,,Land,,,,0.0000%,0.0000%,0.1440%,0.1128%,0.0785%,0.0000%,0.0000%,0.0000%
MURKY_MARSHLANDS,"['CARVING_OCEAN', 'BASE']",,True,True,,General,surface,,Land,,0.8500,,0.0000%,0.0000%,0.0000%,0.0000%,0.0110%,0.4072%,0.0000%,0.0000%
MUSHROOM_CAVES,"['CAVE', 'BASE']",,,,,,extrusion,,Land,,,,0.0000%,0.0000%,0.8803%,0.6933%,0.0000%,0.0000%,0.0000%,0.0000%
MUSHROOM_COAST,"['EQ_FLAT_ERODED', 'CARVING_OCEAN', 'MUSHROOM_FIELDS']",,True,True,,,surface,,Land,,,,0.0000%,0.0000%,0.0931%,0.0700%,0.0585%,0.0000%,0.0000%,0.0000%
MUSHROOM_FIELDS,"['ENVIRONMENT_LAND_UNIQUE_MUSHROOM', 'EQ_ERODED_MOUNTAINS', 'CARVING_LAND', 'BASE']",,True,True,,,surface,,Land,,,,0.0000%,0.0000%,1.1738%,0.9243%,0.0000%,0.0000%,0.0000%,0.0000%
MUSHROOM_RIVER,"['RIVER_BASIC', 'EQ_GLOBAL_RIVER', 'CARVING_OCEAN', 'MUSHROOM_FIELDS']",,True,True,,,surface,,Land,,,,0.0000%,0.0000%,3.5213%,1.2325%,1.8780%,0.0000%,0.0000%,0.0000%
MUSKEG,"['BASE_HYDRAXIA', 'EQ_SWAMP']",,,,True,General,surface,,Land,,,,0.0000%,0.0000%,0.0000%,0.0000%,0.0000%,0.0000%,0.0000%,0.0000%
OAK_CAVERNS,"['EQ_CAVE_BIOME', 'BASE_HYDRAXIA']",,,,,,extrusion,,Land,,,,0.0000%,0.0000%,0.0000%,0.0000%,0.0000%,0.0000%,0.0000%,0.0000%
OAK_FOREST,"['ENVIRONMENT_LAND_TEMPERATE_OCEANIC', 'EQ_MULTI_TERRACED_LAND', 'CARVING_LAND', 'BASE']",,True,True,,General,surface,,Land,,0.6000,,0.0000%,0.0000%,0.0621%,0.0457%,0.0473%,0.0000%,0.0000%,0.0000%
OAK_SAVANNA,"['ENVIRONMENT_LAND_TEMPERATE_OCEANIC', 'EQ_LAND', 'CARVING_LAND', 'BASE']",,True,True,,,surface,,Land,0.8000,0.4000,,3.9474%,0.0000%,0.0000%,0.0000%,0.0162%,0.0000%,0.0000%,0.0000%
OAK_WOODLANDS,"['BASE_HYDRAXIA', 'EQ_HILLS', 'EQ_CARVING_LAND']",,,,True,General,surface,,Land,,0.5500,,0.0000%,0.0000%,0.0000%,0.0000%,0.0000%,0.0000%,0.0000%,0.0000%
OASIS,"['CARVING_LAND', 'BASE']",,True,True,,General,surface,,Land,,,,0.0000%,0.0000%,0.0000%,0.0000%,0.0207%,0.1554%,0.0000%,0.0000%
OCEAN,"['PALETTE_OCEAN', 'ENVIRONMENT_MARINE_OCEAN', 'EQ_GLOBAL_OCEAN', 'CARVING_OCEAN', 'BASE']",,,,,,surface,Ocean,Ocean,,,,0.0000%,49.0000%,0.2705%,0.0889%,0.1410%,7.2917%,0.0000%,0.0000%
OCEAN_OVERHANGS,"['OCEAN', 'EQ_SUBMERGED_OVERHANGS']",,,,,,surface,,Ocean,,,,0.0000%,0.0000%,0.2739%,0.2876%,0.2135%,0.0000%,0.0000%,0.0000%
OCEAN_SLOPES,"['OCEAN', 'EQ_SUBMERGED_SPIKES']",,,,,,surface,,Ocean,,,,0.0000%,0.0000%,0.5411%,0.1779%,0.2820%,0.0000%,0.0000%,0.0000%
OCEAN_TRENCH,"['EQ_OCEAN_TRENCH', 'DEEP_OCEAN']",,,,,,surface,,Ocean,,,0.0000,0.0000%,0.0000%,0.7066%,0.7245%,0.3964%,0.0000%,0.0000%,0.0000%
OLD_GROWTH_SEQUOIA_FOREST,SEQUOIA_FOREST,,True,True,,Cold,surface,,Land,,0.6000,,0.0000%,0.0000%,0.0041%,0.0030%,0.0045%,0.0000%,0.0000%,0.0000%
ORANGE_ARID_PALE_GARDEN,['PALE_GARDEN'],,True,True,,,surface,,Land,0.7000,0.1000,,0.0000%,0.0000%,0.6944%,0.8170%,0.8333%,0.0000%,0.0000%,0.0000%
ORANGE_ARID_PALE_GARDEN_COAST,"['ENVIRONMENT_LAND_DRY_WARM_SEMI_ARID', 'ORANGE_ARID_PALE_GARDEN']",,True,True,,,surface,,Land,0.7000,0.1000,,3.9474%,0.0000%,0.0704%,0.0605%,0.0754%,0.0000%,0.0000%,0.0000%
ORANGE_ARID_PALE_GARDEN_RIVER,"['ENVIRONMENT_LAND_DRY_WARM_SEMI_ARID', 'EQ_GLOBAL_RIVER', 'CARVING_OCEAN', 'ORANGE_ARID_PALE_GARDEN_COAST']",,True,True,,,surface,,Land,0.7000,0.1000,,0.0000%,0.0000%,0.6944%,0.8170%,0.8333%,0.0000%,0.0000%,0.0000%
ORANGE_DESERT,DESERT,,True,True,,Desert,surface,Land,Land,0.7000,0.0000,,0.0000%,3.0000%,0.0666%,0.0490%,0.0768%,0.0000%,0.0000%,0.0000%
ORANGE_DESERT_RIVER,"['EQ_GLOBAL_RIVER', 'CARVING_OCEAN', 'ORANGE_DESERT']",,True,True,,Desert,surface,,Land,0.7000,0.0000,,0.0000%,0.0000%,0.1654%,0.1217%,0.1910%,0.0000%,0.0000%,0.0000%
ORANGE_DRY_PALM_FOREST,DRY_PALM_FOREST,,True,True,,Desert,surface,,Land,,0.2500,,0.0000%,0.0000%,0.0097%,0.0071%,0.0112%,0.0000%,0.0000%,0.0000%
ORANGE_GALLERY_FOREST,"['ENVIRONMENT_LAND_MARITIME_WET', 'EQ_WARPED_WETLANDS', 'CARVING_OCEAN', 'BASE', 'GALLERY_FOREST']",,True,True,,,surface,,Land,,0.6000,,0.0000%,0.0000%,0.0827%,0.0609%,0.0955%,0.0000%,0.0000%,0.0000%
ORANGE_XERIC_MOUNTAINS,['XERIC_MOUNTAINS'],,True,True,,,surface,,Land,,,0.8500,0.0000%,0.0000%,0.0065%,0.0048%,0.0075%,0.0000%,0.0000%,0.0000%
ORANGE_XERIC_MOUNTAINS_RIVER,"['EQ_GLOBAL_RIVER', 'CARVING_OCEAN', 'ORANGE_XERIC_MOUNTAINS']",,True,True,,,surface,,Land,,,0.8500,0.0000%,0.0000%,0.0065%,0.0048%,0.0075%,0.0000%,0.0000%,0.0000%
ORANGE_XERIC_SHRUBLAND,XERIC_SHRUBLAND,,True,True,,Desert,surface,,Land,,,,0.0000%,0.0000%,0.0065%,0.0048%,0.0075%,0.0000%,0.0000%,0.0000%
OVERGROWN_CLIFFS,"['ENVIRONMENT_LAND_TROPICAL_EQUATORIAL', 'EQ_GLOBAL_ERODED_PILLARS', 'CARVING_OCEAN', 'ORES_EMERALD', 'DEPOSITS_INFESTED', 'BASE']",,True,True,,,surface,,Land,,,,0.0000%,0.0000%,0.0365%,0.0269%,0.0452%,0.3739%,0.0000%,0.0000%
PALE_GARDEN,"['ENVIRONMENT_LAND_TEMPERATE_SUBTROPICAL_HUMID', 'EQ_MULTI_TERRACED_LAND', 'CARVING_LAND', 'MOB_CREAKING', 'BASE']",,True,True,,,surface,,Land,,,,0.0000%,0.0000%,1.5625%,1.8382%,1.8750%,0.0000%,0.0000%,0.0000%
PALE_GARDEN_COAST,"['EQ_FLAT_ERODED', 'CARVING_OCEAN', 'PALE_GARDEN']",,True,True,,,surface,,Land,,,,3.9474%,0.0000%,0.1744%,0.1614%,0.1645%,0.0000%,0.0000%,0.0000%
PALE_GARDEN_RIVER,"['RIVER_BASIC', 'EQ_GLOBAL_RIVER', 'CARVING_OCEAN', 'PALE_GARDEN']",,True,True,,,surface,,Land,,,,0.0000%,0.0000%,1.8318%,2.0534%,2.0662%,0.0000%,0.0000%,0.0000%
PALM_BEACH,"['ENVIRONMENT_LAND_MARITIME_WET', 'EQ_FLAT_ERODED', 'CARVING_OCEAN', 'BASE']",,True,True,,General,surface,,Land,,,,0.0000%,0.0000%,0.2881%,0.2257%,0.1570%,2.1726%,0.0000%,0.0000%
PALM_FOREST,"['ENVIRONMENT_LAND_TEMPERATE_MEDITERRANEAN', 'EQ_MULTI_TERRACED_LAND', 'CARVING_OCEAN', 'BASE']",,True,True,,,surface,,Land,,0.6000,,0.0000%,0.0000%,0.0175%,0.0129%,0.0169%,0.0000%,0.0000%,0.0000%
PEARLESCENT_DESERT,"['COLOR_XERIC', 'ENVIRONMENT_LAND_DRY_WHITE_DESERT', 'EQ_ROCKY_OVERHANGS', 'CARVING_LAND', 'BASE']",,True,True,,Desert,surface,,Land,0.7000,0.0000,,0.0000%,0.0000%,0.0336%,0.0247%,0.0342%,0.0000%,0.0000%,0.0000%
PERMAFROST_CLIFFS,"['BASE_HYDRAXIA', 'EQ_TERRACED_MOUNTAINS', 'EQ_CARVING_LAND', 'HYDRAXIA_ORES_EMERALD']",,,,True,General,surface,,Land,,,,0.0000%,0.0000%,0.0000%,0.0000%,0.0000%,0.0000%,0.0000%,0.0000%
PILLOW_PLAINS_INNER,"['DEPOSITS_DEFAULT', 'ORES_DEFAULT']",,True,True,,,surface,,Land,,,0.4500,0.0000%,0.0000%,0.0000%,0.0000%,0.0077%,0.1736%,0.0000%,0.0000%
PILLOW_PLAINS_MIDDLE,"['CARVING_LAND', 'BASE']",,True,True,,,surface,,Land,,,0.4500,0.0000%,0.0000%,0.0000%,0.0000%,0.0011%,0.0237%,0.0000%,0.0000%
PILLOW_PLAINS_OUTER,"['CARVING_LAND', 'BASE']",,True,True,,General,surface,,Land,,,0.4500,0.0000%,0.0000%,0.0000%,0.0000%,0.0044%,0.0986%,0.0000%,0.0000%
PINE_BARRENS,"['ENVIRONMENT_LAND_MARITIME_DRY', 'EQ_FLAT_ERODED', 'CARVING_OCEAN', 'BASE']",,True,True,,,surface,,Land,,,,0.0000%,0.0000%,0.0844%,0.0661%,0.0690%,0.0000%,0.0000%,0.0000%
PINE_CANOPY,"['ENVIRONMENT_LAND_CONTINENTAL_HUMID', 'EQ_LAND', 'CARVING_LAND', 'BASE']",,True,True,,Cold,surface,,Land,,,,0.0000%,0.0000%,0.0247%,0.0182%,0.0262%,0.0000%,0.0000%,0.0000%
PLATEAO_RIVER_INNER,"['RIVER', 'FOLIAGE_FORTRESS_INNER']",,True,True,,,surface,,Land,,,,0.0000%,0.0000%,0.0000%,0.0000%,0.0000%,0.0000%,0.0000%,0.0000%
PLATEAO_RIVER_MIDDLE,"['RIVER', 'FOLIAGE_FORTRESS_MIDDLE']",,True,True,,,surface,,Land,,,,0.0000%,0.0000%,0.0000%,0.0000%,0.0000%,0.0000%,0.0000%,0.0000%
POLAR_MUSHROOM_COAST,"['MUSHROOM_COAST', 'POLAR_MUSHROOM_FIELDS', 'EQ_FLAT_ERODED', 'CARVING_OCEAN']",,True,True,,,surface,,Land,0.0500,,,0.0000%,0.0000%,0.0367%,0.0301%,0.0231%,0.0000%,0.0000%,0.0000%
POLAR_MUSHROOM_FIELDS,"['MUSHROOM_FIELDS', 'ENVIRONMENT_LAND_UNIQUE_POLAR_MUSHROOM']",,True,True,,,surface,,Land,0.0500,,,0.0000%,0.0000%,0.2934%,0.4108%,0.2348%,0.0000%,0.0000%,0.0000%
POLAR_MUSHROOM_RIVER,"['COLOR_FROZEN', 'RIVER_FROZEN', 'ENVIRONMENT_MARINE_RIVER_FROZEN', 'EQ_GLOBAL_RIVER', 'CARVING_OCEAN', 'POLAR_MUSHROOM_FIELDS']",,True,True,,,surface,,Land,0.0500,,,0.0000%,0.0000%,0.2934%,0.4108%,0.2348%,0.0000%,0.0000%,0.0000%
POLAR_PALE_GARDEN,['PALE_GARDEN'],,True,True,,,surface,,Land,0.0500,,,0.0000%,0.0000%,0.5208%,0.6127%,0.6250%,0.0000%,0.0000%,0.0000%
POLAR_PALE_GARDEN_COAST,['PALE_GARDEN_COAST'],,True,True,,,surface,,Land,0.0500,,,3.9474%,0.0000%,0.2693%,0.2152%,0.1912%,0.0000%,0.0000%,0.0000%
POLAR_PALE_GARDEN_RIVER,"['COLOR_FROZEN', 'RIVER_FROZEN', 'ENVIRONMENT_MARINE_RIVER_FROZEN', 'EQ_GLOBAL_RIVER', 'CARVING_OCEAN', 'PALE_GARDEN']",,True,True,,,surface,,Land,0.0500,,,0.0000%,0.0000%,0.5208%,0.6127%,0.6250%,0.0000%,0.0000%,0.0000%
PRAIRIE,"['ENVIRONMENT_LAND_CONTINENTAL_HUMID', 'EQ_LAND', 'CARVING_LAND', 'BASE']",,True,True,,,surface,,Land,,,,0.0000%,0.0000%,0.0114%,0.0084%,0.0120%,0.0000%,0.0000%,0.0000%
PRISMATIC_SPRING,"['EQ_PRISMATIC_SPRING', 'ENVIRONMENT_LAND_CONTINENTAL_HUMID', 'CARVING_NONE', 'BASE']",,,,,,surface,,Land,,,,0.0000%,0.0000%,1.7544%,1.7544%,1.7544%,0.0000%,0.0000%,0.0000%
REDWOOD_WOODLANDS,"['BASE_HYDRAXIA', 'EQ_TERRACED_MOUNTAINS', 'EQ_CARVING_LAND', 'HYDRAXIA_ORES_COAL']",,,,True,General,surface,,Land,,0.5500,,0.0000%,0.0000%,0.0000%,0.0000%,0.0000%,0.0000%,0.0000%,0.0000%
RED_ARID_PALE_GARDEN,['PALE_GARDEN'],,True,True,,,surface,,Land,0.7000,0.1000,,0.0000%,0.0000%,0.6944%,0.8170%,0.8333%,0.0000%,0.0000%,0.0000%
RED_ARID_PALE_GARDEN_COAST,['PALE_GARDEN_COAST'],,True,True,,,surface,,Land,0.7000,0.1000,,3.9474%,0.0000%,0.0704%,0.0605%,0.0754%,0.0000%,0.0000%,0.0000%
RED_ARID_PALE_GARDEN_RIVER,"['ENVIRONMENT_LAND_DRY_WARM_SEMI_ARID', 'EQ_GLOBAL_RIVER', 'CARVING_OCEAN', 'RED_ARID_PALE_GARDEN_COAST']",,True,True,,,surface,,Land,0.7000,0.1000,,0.0000%,0.0000%,0.6944%,0.8170%,0.8333%,0.0000%,0.0000%,0.0000%
RED_DESERT,DESERT,,True,True,,Desert,surface,,Land,0.7000,0.0000,,0.0000%,0.0000%,0.0317%,0.0233%,0.0339%,0.0000%,0.0000%,0.0000%
RED_DESERT_RIVER,"['EQ_GLOBAL_RIVER', 'CARVING_OCEAN', 'RED_DESERT']",,True,True,,Desert,surface,,Land,0.7000,0.0000,,0.0000%,0.0000%,0.5286%,0.3937%,0.6168%,0.0000%,0.0000%,0.0000%
RED_DRY_PALM_FOREST,DRY_PALM_FOREST,,True,True,,Desert,surface,,Land,,0.2500,,3.9474%,0.0000%,0.0000%,0.0024%,0.0389%,0.0000%,0.0000%,0.0000%
RED_GALLERY_FOREST,"['ENVIRONMENT_LAND_MARITIME_WET', 'EQ_WARPED_WETLANDS', 'CARVING_OCEAN', 'BASE', 'GALLERY_FOREST']",,True,True,,,surface,,Land,,0.6000,,0.0000%,0.0000%,0.2643%,0.1968%,0.3084%,0.0000%,0.0000%,0.0000%
RED_MAPLE_GROVE,"['ENVIRONMENT_LAND_CONTINENTAL_HUMID', 'EQ_LAND', 'CARVING_LAND', 'BASE']",,True,True,,Cold,surface,,Land,,,,0.0000%,0.0000%,0.0062%,0.0046%,0.0065%,0.0000%,0.0000%,0.0000%
RED_XERIC_MOUNTAINS,['XERIC_MOUNTAINS'],,True,True,,,surface,,Land,,,0.8500,0.0000%,0.0000%,0.0388%,0.0285%,0.0447%,0.0000%,0.0000%,0.0000%
RED_XERIC_MOUNTAINS_RIVER,"['EQ_GLOBAL_RIVER', 'CARVING_OCEAN', 'RED_XERIC_MOUNTAINS']",,True,True,,,surface,,Land,,,0.8500,0.0000%,0.0000%,0.0388%,0.0285%,0.0447%,0.0000%,0.0000%,0.0000%
RED_XERIC_SHRUBLAND,XERIC_SHRUBLAND,,True,True,,Desert,surface,,Land,,,,0.0000%,0.0000%,0.0388%,0.0285%,0.0186%,0.0000%,0.0000%,0.0000%
RESIN_ROOTS,"['CAVE', 'BASE']",,,,,,extrusion,,Land,,,,11.8421%,0.0000%,3.4854%,3.9740%,4.0631%,0.0000%,0.0000%,0.0000%
RIVER,"['RIVER_BASIC', 'ENVIRONMENT_MARINE_RIVER', 'EQ_GLOBAL_RIVER', 'CARVING_OCEAN', 'BASE']",,,,,,surface,,Land,,,,0.0000%,0.0000%,7.1191%,6.2345%,6.8484%,15.2083%,0.0000%,0.0000%
ROCKY_ARCHIPELAGO,"['ENVIRONMENT_LAND_MARITIME_DRY', 'EQ_BUTTES_ARCHIPELAGO', 'CARVING_OCEAN', 'BASE']",,True,True,,General,surface,,Land,,,,0.0000%,0.0000%,0.1715%,0.1343%,0.1402%,0.0000%,0.0000%,0.0000%
ROCKY_DESERT,"['COLOR_XERIC', 'ENVIRONMENT_LAND_DRY_WHITE_DESERT', 'EQ_ROCKY', 'CARVING_LAND', 'BASE']",,True,True,,Desert,surface,,Land,0.7000,0.0000,,0.0000%,0.0000%,0.0218%,0.0161%,0.0226%,0.0000%,0.0000%,0.0000%
ROCKY_GRASSLAND,"['ENVIRONMENT_LAND_TEMPERATE_OCEANIC', 'EQ_LAND', 'CARVING_LAND', 'BASE']",,True,True,,,surface,,Land,,0.5000,,0.0000%,0.0000%,0.0163%,0.0120%,0.0137%,0.0000%,0.0000%,0.0000%
ROCKY_JUNGLE,"['ENVIRONMENT_LAND_TROPICAL_EQUATORIAL', 'EQ_ROCKY', 'CARVING_LAND', 'BASE']",,True,True,,,surface,,Land,0.8500,0.8500,,0.0000%,0.0000%,0.0331%,0.0243%,0.0353%,0.0000%,0.0000%,0.0000%
ROCKY_REFUGE,"['CARVING_LAND', 'BASE']",,True,True,,General,surface,,Land,,,,0.0000%,0.0000%,0.0000%,0.0000%,0.0413%,0.1972%,0.0000%,0.0000%
ROCKY_SEA_CAVES,"['ENVIRONMENT_LAND_MARITIME_DRY', 'EQ_ERODED_COAST', 'CARVING_OCEAN', 'BASE']",,True,True,,General,surface,,Ocean,,,,0.0000%,0.0000%,0.3601%,0.2821%,0.2945%,0.0000%,0.0000%,0.0000%
ROCKY_SHALLOW_OCEAN,"['OCEAN', 'EQ_GLOBAL_OCEAN']",,,,,,surface,,Ocean,,,0.2500,0.0000%,0.0000%,0.2739%,0.2876%,0.2135%,0.0000%,0.0000%,0.0000%
SAKURA_CAVERNS,"['EQ_CAVE_BIOME', 'BASE_HYDRAXIA', 'HYDRAXIA_ORES_GOLD']",,,,,,extrusion,,Land,,,,0.0000%,0.0000%,0.0000%,0.0000%,0.0000%,0.0000%,0.0000%,0.0000%
SAKURA_GROVE,"['EQ_MULTI_TERRACED_LAND', 'TEMPERATE_MOUNTAINS']",,True,True,,General,surface,,Land,,,,0.0000%,0.0000%,0.0382%,0.0281%,0.0284%,0.0000%,0.0000%,0.0000%
SAKURA_STREAMS,"['CARVING_LAND', 'BASE']",,True,True,,,surface,,Land,,,,0.0000%,0.0000%,0.0000%,0.0000%,0.0397%,0.1972%,0.0000%,0.0000%
SAKURA_WOODLANDS,"['BASE_HYDRAXIA', 'EQ_TERRACED_MOUNTAINS', 'EQ_CARVING_LAND', 'HYDRAXIA_ORES_GOLD']",,,,True,,surface,,Land,,0.5500,,0.0000%,0.0000%,0.0000%,0.0000%,0.0000%,0.0000%,0.0000%,0.0000%
SALT_FLATS,"['ENVIRONMENT_LAND_DRY_DESERT', 'EQ_CRACKED_FLATS', 'CARVING_OCEAN', 'BASE']",,True,True,,Desert,surface,,Land,,,0.3000,0.0000%,0.0000%,0.1135%,0.0835%,0.1263%,0.2234%,0.0000%,0.0000%
SANDSTONE_ARCHIPELAGO,"['ENVIRONMENT_LAND_MARITIME_DRY', 'EQ_ERODED_COAST', 'CARVING_OCEAN', 'BASE']",,True,True,,General,surface,,Land,,,,0.0000%,0.0000%,0.1921%,0.1505%,0.1570%,0.0000%,0.0000%,0.0000%
SANDY_SPLITS,"['EQ_CANYON', 'CARVING_LAND', 'BASE']",,,,,,surface,,Land,,,,0.0000%,0.0000%,0.0000%,2.8001%,0.2449%,10.9890%,0.0000%,0.0000%
SAVANNA,"['ENVIRONMENT_LAND_TROPICAL_SAVANNA', 'EQ_LAND', 'CARVING_LAND', 'BASE']",,True,True,,,surface,,Land,0.8000,0.4000,,0.0000%,0.0000%,0.0658%,0.0484%,0.0633%,0.0000%,0.0000%,0.0000%
SAVANNA_OVERHANGS,"['ENVIRONMENT_LAND_TROPICAL_SAVANNA', 'EQ_OVERHANGS', 'CARVING_LAND', 'ORES_EMERALD', 'DEPOSITS_INFESTED', 'BASE']",,True,True,,,surface,,Land,0.8000,0.4000,,0.0000%,0.0000%,0.1389%,0.1022%,0.1223%,0.0000%,0.0000%,0.0000%
SCARLET_SANCTUARY,"['EQ_TILTED_PLATEAU', 'CARVING_LAND', 'BASE']",,True,True,,,surface,,Land,,,,0.0000%,0.0000%,0.0000%,0.0000%,0.0373%,0.1972%,0.0000%,0.0000%
SCARLET_SANCTUARY_RIVER,"['RIVER', 'EQ_GLOBAL_RIVER', 'SCARLET_SANCTUARY']",,True,True,,,surface,,Land,,,,0.0000%,0.0000%,0.0000%,0.0000%,0.0373%,0.1972%,0.0000%,0.0000%
SCULK_CAVERNS,"['EQ_CAVE_BIOME', 'BASE_HYDRAXIA', 'HYDRAXIA_ORES_DIAMOND']",,,,,,extrusion,,Land,,,,0.0000%,1.0682%,0.0000%,0.0000%,0.0000%,0.0000%,0.0000%,0.0000%
SEAGRASS_MEADOW,"['PALETTE_SAND_OCEAN', 'ENVIRONMENT_MARINE_OCEAN', 'EQ_GLOBAL_OCEAN', 'CARVING_OCEAN', 'BASE']",,,,,,surface,,Ocean,,,,0.0000%,0.0000%,0.5171%,0.6677%,0.2976%,0.0000%,0.0000%,0.0000%
SEARING_TORS,"['BASE_HYDRAXIA', 'EQ_TERRACED_MOUNTAINS', 'EQ_CARVING_LAND', 'HYDRAXIA_ORES_EMERALD']",,,,True,,surface,,Ocean,,,,0.0000%,0.0000%,0.0000%,0.0000%,0.0000%,0.0000%,0.0000%,0.0000%
SECLUDED_VALLEY,"['DEPOSITS_DEFAULT', 'ORES_DEFAULT', 'CARVING_LAND']",,True,True,,,surface,,Land,,,,0.0000%,0.0000%,0.0000%,0.0000%,0.0088%,0.0986%,0.0000%,0.0000%
SECLUDED_VALLEY_OUTER,"['CARVING_LAND', 'BASE']",,True,True,,,surface,,Land,,,,0.0000%,0.0000%,0.0000%,0.0000%,0.0088%,0.5185%,0.0000%,0.0000%
SEQUOIA_FOREST,"['ENVIRONMENT_LAND_CONTINENTAL_HUMID', 'EQ_MULTI_TERRACED_LAND', 'CARVING_LAND', 'BASE']",,True,True,,Cold,surface,,Land,,0.6000,,0.0000%,0.0000%,0.0102%,0.0075%,0.0113%,0.0000%,0.0000%,0.0000%
SHALE_BEACH,"['ENVIRONMENT_LAND_MARITIME_DRY', 'EQ_FLAT_ERODED', 'CARVING_OCEAN', 'BASE']",,True,True,,General,surface,,Land,,,,0.0000%,0.0000%,0.0343%,0.0269%,0.0280%,1.3765%,0.0000%,0.0000%
SHALLOW_CORAL_OCEAN,TROPICAL_OCEAN,,,,,,surface,,Ocean,,,0.2500,0.0000%,0.0000%,0.5413%,0.7455%,0.2820%,0.0000%,0.0000%,0.0000%
SHRUB_BEACH,"['ENVIRONMENT_LAND_MARITIME_DRY', 'EQ_FLAT_ERODED', 'CARVING_OCEAN', 'BASE']",,True,True,,,surface,,Land,,,,0.0000%,0.0000%,0.1344%,0.1053%,0.1099%,0.0000%,0.0000%,0.0000%
SINKHOLE_FOREST,['SINKHOLE_BASE'],,True,,,,surface,,Land,,0.6000,,0.0000%,0.0000%,0.0000%,0.3922%,0.0444%,0.0000%,0.0000%,0.0000%
SINKHOLE_FROZEN,['SINKHOLE_BASE'],,True,,,,surface,,Land,0.0500,,,3.9474%,0.0000%,0.0000%,0.1961%,0.0444%,0.0000%,0.0000%,0.0000%
SINKHOLE_JUNGLE,['SINKHOLE_BASE'],,True,,,,surface,,Land,0.8500,0.8500,,3.9474%,0.0000%,0.0000%,0.1961%,0.0444%,0.0000%,0.0000%,0.0000%
SINKHOLE_OUTER,"['DEPOSITS_DEFAULT', 'ORES_DEFAULT', 'CARVING_LAND']",,True,True,,,surface,,Land,,,,0.0000%,0.0000%,0.0000%,0.0000%,0.0000%,0.0000%,0.0000%,0.0000%
SNOWDRIFT_COASTS,"['BASE_HYDRAXIA', 'EQ_SNOWDRIFT_COASTS', 'DEPOSITS_RIVER']",,,,True,,surface,,Land,,,,0.0000%,0.0000%,0.0000%,0.0000%,0.0000%,0.0000%,0.0000%,0.0000%
SNOWSWEPT_MEADOWS,"['BASE_HYDRAXIA', 'EQ_PLAINS', 'EQ_CARVING_LAND']",,,,True,General,surface,,Land,,,,0.0000%,0.0000%,0.0000%,0.0000%,0.0000%,0.0000%,0.0000%,0.0000%
SNOWY_BADLANDS,"['COLOR_XERIC', 'ENVIRONMENT_LAND_DRY_DESERT', 'EQ_ROCKY_BUTTES', 'CARVING_LAND', 'ORES_GOLD', 'BASE']",,True,True,,,surface,,Land,0.1500,,,0.0000%,0.0000%,0.0558%,0.0411%,0.0644%,0.0000%,0.0000%,0.0000%
SNOWY_BIRCH_FOREST,"['COLOR_FROZEN', 'ENVIRONMENT_LAND_CONTINENTAL_SUBARCTIC', 'EQ_LAND', 'CARVING_LAND', 'BASE']",,True,True,,,surface,,Land,0.1500,0.6000,,0.0000%,0.0000%,0.0082%,0.0060%,0.0063%,0.0000%,0.0000%,0.0000%
SNOWY_BLACKSTONE_MOUNTAINS,"['COLOR_FROZEN', 'ENVIRONMENT_LAND_POLAR_TUNDRA', 'EQ_LAND', 'ORES_EMERALD', 'DEPOSITS_INFESTED', 'CARVING_LAND', 'BASE']",,True,True,,,surface,,Land,0.1500,,0.8500,0.0000%,0.0000%,0.1316%,0.0968%,0.0416%,0.0000%,0.0000%,0.0000%
SNOWY_BLACKSTONE_MOUNTAINS_RIVER,"['RIVER_FROZEN', 'EQ_GLOBAL_RIVER', 'CARVING_OCEAN', 'SNOWY_BLACKSTONE_MOUNTAINS']",,True,True,,,surface,,Land,0.1500,,0.8500,0.0000%,0.0000%,0.1316%,0.0968%,0.0416%,0.0000%,0.0000%,0.0000%
SNOWY_DUNES,"['ENVIRONMENT_LAND_DRY_DESERT', 'EQ_GLOBAL_DUNES', 'CARVING_LAND', 'BASE']",,True,True,,Desert,surface,,Land,0.1500,,,0.0000%,0.0000%,0.0558%,0.0411%,0.0644%,0.0000%,0.0000%,0.0000%
SNOWY_MEADOW,"['COLOR_FROZEN', 'ENVIRONMENT_LAND_CONTINENTAL_SUBARCTIC', 'EQ_LAND', 'CARVING_LAND', 'BASE']",,True,True,,,surface,,Land,0.1500,,,0.0000%,0.0000%,0.0274%,0.0202%,0.0221%,0.3055%,0.0000%,0.0000%
SNOWY_MOUNTAINS,"['COLOR_FROZEN', 'ENVIRONMENT_LAND_POLAR_TUNDRA', 'EQ_LAND', 'ORES_EMERALD', 'DEPOSITS_INFESTED', 'CARVING_LAND', 'BASE']",,True,True,,,surface,,Land,0.1500,,0.8500,0.0000%,0.0000%,0.0695%,0.0511%,0.0746%,0.3055%,0.0000%,0.0000%
SNOWY_MOUNTAINS_RIVER,"['RIVER_FROZEN', 'EQ_GLOBAL_RIVER', 'CARVING_OCEAN', 'SNOWY_MOUNTAINS']",,True,True,,,surface,,Land,0.1500,,0.8500,0.0000%,0.0000%,0.1390%,0.1023%,0.1491%,0.6110%,0.0000%,0.0000%
SNOWY_PLAINS,"['COLOR_FROZEN', 'ENVIRONMENT_LAND_POLAR_TUNDRA', 'EQ_LAND', 'CARVING_LAND', 'BASE']",,True,True,,,surface,,Land,0.1500,,0.4500,3.9474%,0.0000%,0.0000%,0.0012%,0.0047%,0.0000%,0.0000%,0.0000%
SNOWY_SEA_CAVES,"['RIVER_FROZEN', 'ENVIRONMENT_LAND_MARITIME_FROZEN', 'EQ_ERODED_COAST', 'CARVING_OCEAN', 'BASE']",,True,True,,,surface,,Ocean,0.1500,,,0.0000%,0.0000%,0.3601%,0.2821%,0.2617%,0.0000%,0.0000%,0.0000%
SNOWY_SPIRES,"['EQ_PILLARS', 'CARVING_LAND', 'BASE']",,True,True,,,surface,,Land,0.1500,,,0.0000%,0.0000%,0.0000%,0.0000%,0.0416%,0.7812%,0.0000%,0.0000%
SNOWY_TAIGA,"['COLOR_FROZEN', 'ENVIRONMENT_LAND_CONTINENTAL_SUBARCTIC', 'EQ_LAND', 'CARVING_LAND', 'BASE']",,True,True,,,surface,,Land,0.1500,,,0.0000%,0.0000%,0.0082%,0.0048%,0.0063%,0.0000%,0.0000%,0.0000%
SNOWY_TUFF_MOUNTAINS,"['COLOR_FROZEN', 'ENVIRONMENT_LAND_POLAR_TUNDRA', 'EQ_LAND', 'ORES_EMERALD', 'DEPOSITS_INFESTED', 'CARVING_LAND', 'BASE']",,True,True,,,surface,,Land,0.1500,,0.8500,0.0000%,0.0000%,0.0822%,0.0605%,0.0607%,0.0000%,0.0000%,0.0000%
SNOWY_TUFF_MOUNTAINS_RIVER,"['RIVER_FROZEN', 'EQ_GLOBAL_RIVER', 'CARVING_OCEAN', 'SNOWY_TUFF_MOUNTAINS']",,True,True,,,surface,,Land,0.1500,,0.8500,0.0000%,0.0000%,0.0822%,0.0605%,0.0607%,0.0000%,0.0000%,0.0000%
SPIDER_CAVES,"['CAVE', 'BASE', 'MOB_SPIDER']",,,,,,extrusion,,Land,,,,0.0000%,0.0000%,0.0032%,0.0023%,0.0024%,0.0000%,0.0000%,0.0000%
SPRUCE_CAVERNS,"['EQ_CAVE_BIOME', 'BASE_HYDRAXIA', 'HYDRAXIA_ORES_COAL']",,,,,,extrusion,,Land,,,,0.0000%,7.4773%,0.0000%,0.0000%,0.0000%,0.0000%,0.0000%,0.0000%
SPRUCE_WOODLANDS,"['BASE_HYDRAXIA', 'EQ_HILLS', 'EQ_CARVING_LAND', 'HYDRAXIA_ORES_COAL']",,,,True,General,surface,,Land,,0.5500,,0.0000%,0.0000%,0.0000%,0.0000%,0.0000%,0.0000%,0.0000%,0.0000%
STEPPE,"['ENVIRONMENT_LAND_CONTINENTAL_HUMID', 'EQ_LAND', 'CARVING_LAND', 'BASE']",,True,True,,,surface,,Land,,0.2000,,0.0000%,0.0000%,0.0165%,0.0122%,0.0167%,0.0000%,0.0000%,0.0000%
STONEGATE_SEAS,"['CARVING_OCEAN', 'BASE']",,,,,,surface,,Ocean,,,,0.0000%,0.0000%,0.0000%,0.0000%,0.4057%,1.9531%,0.0000%,0.0000%
STONE_CAVERNS,"['EQ_CAVE_BIOME', 'BASE_HYDRAXIA', 'HYDRAXIA_ORES_MOUNTAINS']",,,,,,extrusion,,Land,,,,0.0000%,1.0682%,0.0000%,0.0000%,0.0000%,0.0000%,0.0000%,0.0000%
SUBTROPICAL_DEEP_DEPTHS,"['SUBTROPICAL_DEEP_OCEAN', 'BASE']",,,,,,surface,,Ocean,0.8500,,0.0000,2.2727%,0.0000%,0.0000%,0.0000%,0.0000%,0.0000%,0.0000%,0.0000%
SUBTROPICAL_DEEP_DEPTHS_TRENCH,"['EQ_OCEAN_TRENCH', 'SUBTROPICAL_DEEP_DEPTHS', 'BASE']",,,,,,surface,,Ocean,0.8500,,0.0000,2.2727%,0.0000%,0.0000%,0.0000%,0.0000%,0.0000%,0.0000%,0.0000%
SUBTROPICAL_DEEP_OCEAN,"['EQ_GLOBAL_OCEAN', 'SUBTROPICAL_OCEAN']",,,,,,surface,,Ocean,0.8500,,0.0000,2.2727%,0.0000%,0.0000%,0.0000%,0.0000%,0.0000%,0.0000%,0.0000%
SUBTROPICAL_DEEP_OCEAN_VENTS,"['EQ_OCEAN_TRENCH', 'SUBTROPICAL_DEEP_OCEAN']",,,,,,surface,,Ocean,0.8500,,0.0000,2.2727%,0.0000%,0.0000%,0.0000%,0.0000%,0.0000%,0.0000%,0.0000%
SUBTROPICAL_ISLAND_SHALLOWS,"['SUBTROPICAL_OCEAN', 'EQ_SHALLOW_OCEAN']",,,,,,surface,,Land,0.8500,,0.2500,2.2727%,0.0000%,0.0000%,0.0000%,0.0000%,0.0000%,0.0000%,0.0000%
SUBTROPICAL_OCEAN,"['PALETTE_OCEAN', 'ENVIRONMENT_MARINE_OCEAN_WARM', 'EQ_GLOBAL_OCEAN', 'CARVING_OCEAN', 'BASE']",,,,,,surface,,Ocean,0.8500,,,2.2727%,0.0000%,0.0000%,1.1253%,0.0000%,0.0000%,0.0000%,0.0000%
SUBTROPICAL_OCEAN_OVERHANGS,"['SUBTROPICAL_OCEAN', 'EQ_SUBMERGED_OVERHANGS']",,,,,,surface,,Ocean,0.8500,,,2.2727%,0.0000%,0.0000%,0.5626%,0.0000%,0.0000%,0.0000%,0.0000%
SUBTROPICAL_OCEAN_SLOPES,"['SUBTROPICAL_OCEAN', 'EQ_SUBMERGED_SPIKES']",,,,,,surface,,Ocean,0.8500,,,2.2727%,0.0000%,0.0000%,0.5626%,0.0000%,0.0000%,0.0000%,0.0000%
SUBTROPICAL_OCEAN_TRENCH,"['EQ_OCEAN_TRENCH', 'SUBTROPICAL_DEEP_OCEAN']",,,,,,surface,,Ocean,0.8500,,0.0000,2.2727%,0.0000%,0.0000%,0.0000%,0.0000%,0.0000%,0.0000%,0.0000%
SUGAR_PINE_WOODLANDS,"['BASE_HYDRAXIA', 'EQ_TERRACED_MOUNTAINS', 'EQ_CARVING_LAND', 'HYDRAXIA_ORES_COAL']",,,,True,General,surface,,Land,,0.5500,,0.0000%,0.0000%,0.0000%,0.0000%,0.0000%,0.0000%,0.0000%,0.0000%
SUNFLOWER_PRAIRIE,PRAIRIE,,True,True,,,surface,,Land,,,,0.0000%,0.0000%,0.0193%,0.0142%,0.0205%,0.0000%,0.0000%,0.0000%
SWAMP,"['ENVIRONMENT_LAND_MARITIME_WET', 'EQ_SWAMP', 'CARVING_OCEAN', 'BASE']",,True,True,,,surface,,Land,,0.9000,,0.0000%,0.0000%,0.0323%,0.0238%,0.0311%,0.0000%,0.0000%,0.0000%
SWAMP_RIVER,"['RIVER_BASIC', 'EQ_GLOBAL_RIVER', 'CARVING_OCEAN', 'SWAMP']",,True,True,,,surface,,Land,,0.9000,,0.0000%,0.0000%,0.0000%,0.0000%,0.0000%,0.0000%,0.0000%,0.0000%
TAIGA,"['ENVIRONMENT_LAND_CONTINENTAL_HUMID', 'EQ_LAND', 'CARVING_LAND', 'BASE']",,True,True,,Cold,surface,,Land,0.3000,,,0.0000%,0.0000%,0.0665%,0.0489%,0.0715%,0.0000%,0.0000%,0.0000%
TAIGA_CLEARING,"['ENVIRONMENT_LAND_CONTINENTAL_HUMID', 'EQ_LAND', 'CARVING_LAND', 'BASE']",,True,True,,Cold,surface,,Land,0.3000,,,0.0000%,0.0000%,0.0277%,0.0204%,0.0294%,0.0000%,0.0000%,0.0000%
TALL_TIMBERLAND,"['EQ_MOUNTAIN_SPOTS', 'CARVING_LAND', 'BASE']",,True,True,,General,surface,,Land,,,,0.0000%,0.0000%,0.0000%,0.0000%,0.0105%,0.3086%,0.0000%,0.0000%
TAR_PITS,"['COLOR_XERIC', 'ENVIRONMENT_LAND_DRY_WARM_SEMI_ARID', 'EQ_BUTTES_ARCHIPELAGO', 'CARVING_LAND', 'BASE']",,True,True,,,surface,,Land,,,,0.0000%,0.0000%,0.0194%,0.0143%,0.0179%,0.0000%,0.0000%,0.0000%
TAR_PIT_RIVER,"['EQ_GLOBAL_RIVER', 'CARVING_OCEAN', 'TAR_PITS']",,True,True,,,surface,,Land,,,,0.0000%,0.0000%,0.0194%,0.0143%,0.0179%,0.0000%,0.0000%,0.0000%
TEMPERATE_ALPHA_MOUNTAINS,"['ENVIRONMENT_LAND_TEMPERATE_OCEANIC', 'EQ_GLOBAL_ERODED', 'CARVING_LAND', 'ORES_EMERALD', 'DEPOSITS_INFESTED', 'BASE']",,True,True,,,surface,,Land,0.5000,,0.8500,0.0000%,0.0000%,0.0634%,0.0467%,0.0574%,0.0000%,0.0000%,0.0000%
TEMPERATE_CRATER_LAKE,"['CARVING_NONE', 'TEMPERATE_EXTINCT_VOLCANO']",,True,True,,General,surface,,Land,0.5000,,,3.9474%,0.0000%,1.6447%,1.6447%,1.6447%,0.0000%,0.0000%,0.0000%
TEMPERATE_EXTINCT_VOLCANO,"['EQ_VOLCANO', 'CARVING_OCEAN', 'WOODED_BUTTES', 'BASE']",,True,True,,General,surface,,Land,0.5000,,,0.0000%,0.0000%,1.1513%,1.1513%,1.1513%,0.0000%,0.0000%,0.0000%
TEMPERATE_GRASSLAND,"['ENVIRONMENT_LAND_TEMPERATE_OCEANIC', 'EQ_LAND', 'CARVING_LAND', 'BASE']",,True,True,,,surface,,Land,0.5000,0.5000,,3.9474%,0.0000%,0.0000%,0.0000%,0.0127%,0.0000%,0.0000%,0.0000%
TEMPERATE_MESA,"['EQ_SPOT_MESA', 'CARVING_OCEAN', 'BASE']",,,,,General,surface,,Land,0.5000,,,0.0000%,0.0000%,0.3289%,0.3289%,0.1645%,0.0000%,0.0000%,0.0000%
TEMPERATE_MONTANE_RAINFOREST,"['ENVIRONMENT_LAND_TEMPERATE_SUBTROPICAL_HUMID', 'EQ_MULTI_TERRACED_LAND', 'CARVING_LAND', 'BASE']",,True,True,,General,surface,,Land,0.5000,0.9500,,0.0000%,0.0000%,0.0705%,0.0519%,0.0633%,0.0000%,0.0000%,0.0000%
TEMPERATE_MOUNTAINS,"['ENVIRONMENT_LAND_TEMPERATE_OCEANIC', 'EQ_LAND', 'CARVING_LAND', 'ORES_EMERALD', 'DEPOSITS_INFESTED', 'BASE']",,True,True,,General,surface,,Land,0.5000,,0.8500,0.0000%,0.0000%,0.0317%,0.0233%,0.0287%,0.0000%,0.0000%,0.0000%
TEMPERATE_MOUNTAINS_RIVER,"['RIVER_DRIPSTONE', 'EQ_GLOBAL_RIVER', 'CARVING_OCEAN', 'TEMPERATE_MOUNTAINS']",,True,True,,General,surface,,Land,0.5000,,0.8500,0.0000%,0.0000%,0.0317%,0.0233%,0.0287%,0.0000%,0.0000%,0.0000%
TEMPERATE_OVERPASS,"['EQ_OVERPASS', 'CARVING_OCEAN', 'BASE']",,True,True,,,surface,,Land,0.5000,,,0.0000%,0.0000%,0.0066%,0.0048%,0.0042%,0.0000%,0.0000%,0.0000%
TEMPERATE_RAINFOREST,"['ENVIRONMENT_LAND_TEMPERATE_SUBTROPICAL_HUMID', 'EQ_MULTI_TERRACED_LAND', 'CARVING_LAND', 'BASE']",,True,True,,General,surface,,Land,0.5000,0.9500,,0.0000%,0.0000%,0.0263%,0.0194%,0.0211%,0.0000%,0.0000%,0.0000%
TEMPERATE_SEA_ARCHES,"['ENVIRONMENT_LAND_MARITIME_WET', 'CARVING_OCEAN', 'BASE']",,True,True,,General,surface,,Ocean,0.5000,,,0.0000%,0.0000%,1.3444%,1.0532%,1.0993%,0.8333%,0.0000%,0.0000%
TERRACOTTA_SEA_CAVES,"['ENVIRONMENT_LAND_MARITIME_DRY', 'EQ_ERODED_COAST', 'CARVING_OCEAN', 'BASE']",,True,True,,General,surface,,Ocean,,,,0.0000%,0.0000%,0.1921%,0.1505%,0.1570%,0.0000%,0.0000%,0.0000%
TERRACOTTA_TOMBS,['ORES_DEFAULT'],,True,True,,,extrusion,,Land,,,,7.8947%,4.4167%,0.0000%,3.0596%,3.5437%,4.1235%,0.0000%,0.0000%
TRAVERTINE_TERRACES,"['EQ_TRAVERTINE_TERRACES', 'ENVIRONMENT_LAND_TEMPERATE_OCEANIC', 'CARVING_OCEAN', 'BASE']",,True,True,,General,surface,,Land,,,,0.0000%,0.0000%,0.0091%,0.0067%,0.0105%,0.0000%,0.0000%,0.0000%
TRAVERTINE_TERRACES_RIVER,"['RIVER_BASIC', 'ENVIRONMENT_MARINE_RIVER_WARM', 'EQ_GLOBAL_RIVER', 'CARVING_OCEAN', 'TRAVERTINE_TERRACES']",,True,True,,General,surface,,Land,,,,0.0000%,0.0000%,0.0091%,0.0067%,0.0105%,0.0000%,0.0000%,0.0000%
TROPICAL_CRATER_LAKE,"['CARVING_NONE', 'TROPICAL_EXTINCT_VOLCANO']",,True,True,,,surface,,Land,0.8500,,,3.9474%,0.0000%,3.2895%,3.2895%,3.2895%,0.0000%,0.0000%,0.0000%
TROPICAL_DEEP_DEPTHS,"['TROPICAL_DEEP_OCEAN', 'BASE']",,,,,,surface,,Ocean,0.8500,,0.0000,0.0000%,0.0000%,0.5411%,0.3557%,0.2820%,0.0000%,0.0000%,0.0000%
TROPICAL_DEEP_DEPTHS_TRENCH,"['EQ_OCEAN_TRENCH', 'TROPICAL_DEEP_DEPTHS', 'BASE']",,,,,,surface,,Ocean,0.8500,,0.0000,0.0000%,0.0000%,0.5411%,0.3557%,0.2820%,0.0000%,0.0000%,0.0000%
TROPICAL_DEEP_OCEAN,"['EQ_DEEP_OCEAN', 'TROPICAL_OCEAN']",,,,,,surface,,Ocean,0.8500,,0.0000,0.0000%,0.0000%,1.0822%,0.7115%,0.5640%,1.3021%,0.0000%,0.0000%
TROPICAL_DEEP_OCEAN_VENTS,"['EQ_OCEAN_TRENCH', 'TROPICAL_DEEP_OCEAN']",,,,,,surface,,Ocean,0.8500,,0.0000,2.2727%,0.0000%,0.0000%,0.0000%,0.0000%,0.0000%,0.0000%,0.0000%
TROPICAL_EXTINCT_VOLCANO,"['EQ_VOLCANO', 'CARVING_OCEAN', 'JUNGLE', 'BASE']",,True,True,,,surface,,Land,0.8500,,,0.0000%,0.0000%,1.1513%,1.1513%,1.1513%,0.0000%,0.0000%,0.0000%
TROPICAL_FLOODPLAIN,"['ENVIRONMENT_LAND_TROPICAL_EQUATORIAL', 'EQ_MANGROVE_SWAMP', 'CARVING_OCEAN', 'BASE']",,True,True,,,surface,,Land,0.8500,,,0.0000%,0.0000%,0.0148%,0.0109%,0.0142%,0.0000%,0.0000%,0.0000%
TROPICAL_ISLAND_SHALLOWS,"['TROPICAL_OCEAN', 'EQ_SHALLOW_OCEAN']",,,,,,surface,,Land,0.8500,,0.2500,0.0000%,0.0000%,0.0016%,0.0008%,0.0008%,0.0000%,0.0000%,0.0000%
TROPICAL_MESA,"['EQ_SPOT_MESA', 'CARVING_OCEAN', 'JUNGLE', 'BASE']",,True,True,,,surface,,Land,0.8500,,,0.0000%,0.0000%,0.3289%,0.3289%,0.3289%,0.0000%,0.0000%,0.0000%
TROPICAL_MUSHROOM_CAVES,"['CAVE', 'BASE']",,,,,,extrusion,,Land,0.8500,,,2.9605%,0.0000%,1.7607%,0.2311%,1.4085%,0.0000%,0.0000%,0.0000%
TROPICAL_MUSHROOM_COAST,"['EQ_FLAT_ERODED', 'CARVING_OCEAN', 'TROPICAL_MUSHROOM_FIELDS']",,True,True,,,surface,,Land,0.8500,,,3.9474%,0.0000%,0.0000%,0.0000%,0.0000%,0.0000%,0.0000%,0.0000%
TROPICAL_MUSHROOM_FIELDS,"['ENVIRONMENT_LAND_UNIQUE_MUSHROOM', 'EQ_ERODED_MOUNTAINS', 'CARVING_LAND', 'BASE']",,True,True,,,surface,,Land,0.8500,,,3.9474%,0.0000%,2.3475%,0.3081%,1.8780%,0.0000%,0.0000%,0.0000%
TROPICAL_OCEAN,"['PALETTE_OCEAN', 'ENVIRONMENT_MARINE_OCEAN_WARM', 'EQ_GLOBAL_OCEAN', 'CARVING_OCEAN', 'BASE']",,,,,,surface,,Ocean,0.8500,,,0.0000%,0.0000%,0.9405%,0.7765%,0.5653%,1.9531%,0.0000%,0.0000%
TROPICAL_OCEAN_OVERHANGS,"['TROPICAL_OCEAN', 'EQ_SUBMERGED_OVERHANGS']",,,,,,surface,,Ocean,0.8500,,,0.0000%,0.0000%,0.2191%,0.3022%,0.1424%,0.0000%,0.0000%,0.0000%
TROPICAL_OCEAN_SLOPES,"['TROPICAL_OCEAN', 'EQ_SUBMERGED_SPIKES']",,,,,,surface,,Ocean,0.8500,,,0.0000%,0.0000%,0.7215%,0.4743%,0.4230%,0.0000%,0.0000%,0.0000%
TROPICAL_OCEAN_TRENCH,"['EQ_OCEAN_TRENCH', 'TROPICAL_DEEP_OCEAN']",,,,,,surface,,Ocean,0.8500,,0.0000,2.2727%,0.0000%,0.0000%,0.0000%,0.0000%,0.0000%,0.0000%,0.0000%
TROPICAL_RAINFOREST,"['ENVIRONMENT_LAND_TROPICAL_EQUATORIAL', 'EQ_LAND', 'CARVING_LAND', 'BASE']",,True,True,,,surface,,Land,0.8500,0.9500,,0.0000%,0.0000%,0.0757%,0.0557%,0.0755%,0.0000%,0.0000%,0.0000%
TROPICAL_RIVER,"['RIVER_BASIC', 'ENVIRONMENT_MARINE_RIVER_WARM', 'EQ_GLOBAL_RIVER', 'CARVING_OCEAN', 'BASE']",,,,,,surface,,Land,0.8500,,,0.0000%,0.0000%,3.4931%,3.3524%,3.4862%,0.7479%,0.0000%,0.0000%
TUNDRA,"['COLOR_TUNDRA', 'ENVIRONMENT_LAND_POLAR_TUNDRA', 'EQ_LAND', 'CARVING_LAND', 'BASE']",,True,True,,,surface,,Land,0.1000,,,0.0000%,0.0000%,0.0740%,0.0544%,0.0607%,0.0000%,0.0000%,0.0000%
TUNDRA_TRACKS,"['EQ_LOWLAND_HILLS', 'CARVING_LAND', 'BASE']",,True,True,,General,surface,,Land,0.1000,,,0.0000%,0.0000%,0.0000%,0.0000%,0.0607%,0.7712%,0.0000%,0.0000%
UNLINKED_land-sea-border,,,,,,,surface,,Ocean,,,,0.0000%,0.0000%,14.3433%,16.6712%,17.0758%,0.0000%,0.0000%,0.0000%
VARIANT_C,,,,,,,surface,,Land,,,,0.0000%,0.0000%,0.0000%,0.0000%,0.0000%,0.0000%,0.0000%,0.0000%
VARIANT_F,['BASE'],,,,,,surface,,Land,,,,0.0000%,0.0000%,0.0000%,0.0000%,0.0000%,0.0000%,0.0000%,0.0000%
VARIANT_G,['BASE'],,,,,,surface,,Land,,,,0.0000%,0.0000%,0.0000%,0.0000%,0.0000%,0.0000%,0.0000%,0.0000%
VARIANT_H,['BASE'],,,,,,surface,,Land,,,,0.0000%,0.0000%,0.0000%,0.0000%,0.0000%,0.0000%,0.0000%,0.0000%
VERDANT_RIVER,"['RIVER', 'VERDANT_VALLEYS']",,,,,,surface,,Land,,,,0.0000%,0.0000%,0.0000%,0.0000%,0.0198%,0.4072%,0.0000%,0.0000%
VERDANT_VALLEYS,"['CARVING_LAND', 'BASE']",,,,,,surface,,Land,,,,0.0000%,0.0000%,0.0000%,0.0000%,0.0198%,0.4072%,0.0000%,0.0000%
VERTICAL_JUNGLE_RIVER,"['RIVER', 'CANOPY_CASCADES']",,True,True,,,surface,,Land,0.8500,0.8500,,0.0000%,0.0000%,0.0000%,0.0000%,0.0000%,0.0000%,0.0000%,0.0000%
VERTICAL_VISTAS,"['EQ_TERRACE_MOUNTAINS', 'CARVING_LAND', 'BASE']",,True,True,,,surface,,Land,,,,0.0000%,0.0000%,0.0000%,0.0000%,0.0660%,0.3372%,0.0000%,0.0000%
VINE_VAULT,['ORES_DEFAULT'],,,,,,extrusion,,Land,,,,7.8947%,4.4167%,0.0000%,3.0596%,3.5437%,4.1235%,0.0000%,0.0000%
VISTAS_RIVER,"['RIVER', 'VERTICAL_VISTAS']",,True,True,,,surface,,Land,,,,0.0000%,0.0000%,0.0000%,0.0000%,0.0660%,0.3372%,0.0000%,0.0000%
WATERY_WILDS,"['EQ_LOWLAND_HILLS', 'CARVING_LAND', 'BASE']",,True,True,,General,surface,,Land,,,,0.0000%,0.0000%,0.0000%,0.0000%,0.0526%,0.7479%,0.0000%,0.0000%
WET_SAVANNA,SAVANNA,,True,True,,,surface,,Land,0.8000,0.4000,,0.0000%,0.0000%,0.2942%,0.2164%,0.2552%,0.0000%,0.0000%,0.0000%
WHITE_WALLOWS,"['EQ_ERODED_VALLEY_MOUNTAINS', 'CARVING_LAND', 'BASE']",,True,True,,General,surface,,Land,,,,0.0000%,0.0000%,0.0000%,0.0000%,0.0095%,0.3372%,0.0000%,0.0000%
WINTRY_SEAS,"['BASE_HYDRAXIA', 'EQ_OCEAN_DEEP', 'EQ_CARVING_OCEAN', 'DEPOSITS_RIVER']",,,,,,surface,,Ocean,,,,0.0000%,0.0000%,0.0000%,0.0000%,0.0000%,0.0000%,0.0000%,0.0000%
WINTRY_WATERS,"['BASE_HYDRAXIA', 'EQ_OCEAN_SHALLOW', 'EQ_CARVING_OCEAN', 'DEPOSITS_RIVER']",,,,,,surface,,Land,,,,0.0000%,0.0000%,0.0000%,0.0000%,0.0000%,0.0000%,0.0000%,0.0000%
WOODED_BUTTES,"['ENVIRONMENT_LAND_TEMPERATE_OCEANIC', 'EQ_ROCKY_BUTTES', 'CARVING_LAND', 'BASE']",,True,True,,,surface,,Land,,,,0.0000%,0.0000%,0.0257%,0.0189%,0.0184%,0.0000%,0.0000%,0.0000%
XERIC_MOUNTAINS,"['COLOR_XERIC', 'ENVIRONMENT_LAND_DRY_WARM_SEMI_ARID', 'EQ_STRATIFIED_LAND', 'CARVING_LAND', 'ORES_EMERALD', 'DEPOSITS_INFESTED', 'BASE']",,True,True,,,surface,,Land,,,0.8500,0.0000%,0.0000%,0.0852%,0.0627%,0.0983%,0.0000%,0.0000%,0.0000%
XERIC_MOUNTAINS_RIVER,"['EQ_GLOBAL_RIVER', 'CARVING_OCEAN', 'XERIC_MOUNTAINS']",,True,True,,,surface,,Land,,,0.8500,0.0000%,0.0000%,0.0852%,0.0627%,0.0983%,0.0000%,0.0000%,0.0000%
XERIC_SHRUBLAND,"['COLOR_XERIC', 'ENVIRONMENT_LAND_DRY_WARM_SEMI_ARID', 'EQ_MULTI_TERRACED_LAND', 'CARVING_LAND', 'BASE']",,True,True,,Desert,surface,,Land,,,,0.0000%,0.0000%,0.0426%,0.0313%,0.0343%,0.0000%,0.0000%,0.0000%
YELLOWSTONE,"['ENVIRONMENT_LAND_CONTINENTAL_HUMID', 'EQ_MULTI_TERRACED_LAND', 'CARVING_LAND', 'BASE']",,True,True,,,surface,,Land,,,,0.0000%,0.0000%,0.0000%,0.0000%,0.0000%,0.0000%,0.0000%,0.0000%
YELLOW_MAPLE_GROVE,"['ENVIRONMENT_LAND_CONTINENTAL_HUMID', 'EQ_LAND', 'CARVING_LAND', 'BASE']",,True,True,,Cold,surface,,Land,,,,0.0000%,0.0000%,0.0125%,0.0092%,0.0130%,0.0000%,0.0000%,0.0000%
